,probability,spectrum,xlink_type,kojak_score,delta_score,e-value,ppm_error,ions,peptide,protein,num_prots,calc_neutral_pep_mass,peak_area,start_scan,retention_time_sec,peak_intensity,protein1,protein2,charge,Scan Number,PSM
244,0.9969,210727_HSPB5_B9_yesUV_T_dim_01.06527.06527.5,xl,1.7200(1.0825+0.6375),0.105,5.986e-004(1.049e-002+2.465e+000),-0.7642,/,-.MDIAIHHPBIR.R(9)+R.KQVSGPER.T(1),sp|HSPB5_B9|HSPB5+sp|HSPB5_B9|HSPB5,1,2352.216,1.78E+08,6527,1665.0,8940000.0,sp|HSPB5_B9|HSPB5,sp|HSPB5_B9|HSPB5,5,6527,1
250,0.9884,210727_HSPB5_B9_yesUV_T_dim_01.06570.06570.4,xl,2.4200(1.8375+0.5825),0.01,9.531e-006(1.416e-005+9.965e+000),1.7234,/,-.MDIAIHHPBIR.R(9)+R.KQVSGPER.T(1),sp|HSPB5_B9|HSPB5+sp|HSPB5_B9|HSPB5,1,2352.216,4.09E+08,6570,1671.7,17200000.0,sp|HSPB5_B9|HSPB5,sp|HSPB5_B9|HSPB5,4,6570,1
291,0.9868,210727_HSPB5_B9_yesUV_T_dim_01.06736.06736.5,xl,2.3050(1.3775+0.9275),0.085,3.754e-003(2.437e-002+8.178e-001),-0.7209,/,-.MDIAIHHPBIR.R(9)+R.KQVSGPER.T(1),sp|HSPB5_B9|HSPB5+sp|HSPB5_B9|HSPB5,1,2352.216,1.96E+08,6736,1696.4,8940000.0,sp|HSPB5_B9|HSPB5,sp|HSPB5_B9|HSPB5,5,6736,1
301,0.991,210727_HSPB5_B9_yesUV_T_dim_01.06750.06750.4,xl,2.9950(2.1225+0.8725),0.08,1.215e-003(9.069e-006+1.369e+000),-0.1676,/,-.MDIAIHHPBIR.R(9)+R.KQVSGPER.T(3),sp|HSPB5_B9|HSPB5+sp|HSPB5_B9|HSPB5,1,2352.216,3.98E+08,6750,1697.9,17200000.0,sp|HSPB5_B9|HSPB5,sp|HSPB5_B9|HSPB5,4,6750,1
319,0.9918,210727_HSPB5_B9_yesUV_T_dim_01.06797.06797.4,xl,2.2750(1.3900+0.8850),0.07,3.155e-005(1.200e-003+2.293e-001),-0.1676,/,-.MDIAIHHPBIR.R(9)+R.KQVSGPER.T(3),sp|HSPB5_B9|HSPB5+sp|HSPB5_B9|HSPB5,1,2352.216,5.45E+07,6797,1704.3,6310000.0,sp|HSPB5_B9|HSPB5,sp|HSPB5_B9|HSPB5,4,6797,1
430,1.0,210727_HSPB5_B9_yesUV_T_dim_01.07145.07145.4,xl,3.1050(2.3725+0.7325),0.135,5.485e-008(1.606e-008+2.027e+000),-1.4383,/,-.MDIAIHHPBIR.R(9)+R.KQVSGPER.T(3),sp|HSPB5_B9|HSPB5+sp|HSPB5_B9|HSPB5,1,2352.216,7.85E+07,7145,1766.1,4450000.0,sp|HSPB5_B9|HSPB5,sp|HSPB5_B9|HSPB5,4,7145,1
438,0.999,210727_HSPB5_B9_yesUV_T_dim_01.07184.07184.5,xl,2.0400(1.1275+0.9125),0.055,2.591e-004(2.677e-002+3.207e-001),-0.7564,/,-.MDIAIHHPBIR.R(9)+R.KQVSGPER.T(1),sp|HSPB5_B9|HSPB5+sp|HSPB5_B9|HSPB5,1,2352.216,6.63E+07,7184,1771.5,2300000.0,sp|HSPB5_B9|HSPB5,sp|HSPB5_B9|HSPB5,5,7184,1
444,1.0,210727_HSPB5_B9_yesUV_T_dim_01.07238.07238.5,xl,2.2800(1.3350+0.9450),0.115,2.817e-005(5.418e-004+1.030e-001),2.4004,/,-.MDIAIHHPBIR.R(9)+R.KQVSGPER.T(1),sp|HSPB5_B9|HSPB5+sp|HSPB5_B9|HSPB5,1,2352.216,7.35E+07,7238,1779.0,2300000.0,sp|HSPB5_B9|HSPB5,sp|HSPB5_B9|HSPB5,5,7238,1
446,0.9996,210727_HSPB5_B9_yesUV_T_dim_01.07255.07255.5,xl,2.3150(1.3775+0.9375),0.005,1.125e-004(3.428e-003+7.778e-002),2.4004,/,-.MDIAIHHPBIR.R(9)+R.KQVSGPER.T(3),sp|HSPB5_B9|HSPB5+sp|HSPB5_B9|HSPB5,1,2352.216,7.35E+07,7255,1781.6,2300000.0,sp|HSPB5_B9|HSPB5,sp|HSPB5_B9|HSPB5,5,7255,1
456,0.9768,210727_HSPB5_B9_yesUV_T_dim_01.07294.07294.4,xl,2.7800(2.0275+0.7525),0.1,1.487e-005(7.625e-007+1.822e-001),-1.4069,/,-.MDIAIHHPBIR.R(9)+R.KQVSGPER.T(3),sp|HSPB5_B9|HSPB5+sp|HSPB5_B9|HSPB5,1,2352.216,1.38E+08,7294,1787.1,3570000.0,sp|HSPB5_B9|HSPB5,sp|HSPB5_B9|HSPB5,4,7294,1
471,0.9986,210727_HSPB5_B9_yesUV_T_dim_01.07461.07461.5,xl,2.1500(1.3900+0.7600),0.185,4.268e-004(7.053e-003+3.876e-001),0.0491,/,-.MDIAIHHPBIR.R(9)+R.KQVSGPER.T(1),sp|HSPB5_B9|HSPB5+sp|HSPB5_B9|HSPB5,1,2352.216,2.16E+07,7461,1811.0,1320000.0,sp|HSPB5_B9|HSPB5,sp|HSPB5_B9|HSPB5,5,7461,1
491,0.9999,210727_HSPB5_B9_yesUV_T_dim_01.07602.07602.4,xl,2.7450(2.3325+0.4125),0.06,5.261e-007(4.046e-008+4.543e+001),-0.7825,/,-.MDIAIHHPBIR.R(9)+R.KQVSGPER.T(1),sp|HSPB5_B9|HSPB5+sp|HSPB5_B9|HSPB5,1,2352.216,1.16E+08,7602,1829.2,2920000.0,sp|HSPB5_B9|HSPB5,sp|HSPB5_B9|HSPB5,4,7602,1
494,0.996,210727_HSPB5_B9_yesUV_T_dim_01.07696.07696.5,xl,1.9050(1.3150+0.5900),0.065,1.118e-003(7.810e-003+5.133e+000),0.0499,/,-.MDIAIHHPBIR.R(9)+R.KQVSGPER.T(1),sp|HSPB5_B9|HSPB5+sp|HSPB5_B9|HSPB5,1,2352.216,7.93E+07,7696,1842.3,1640000.0,sp|HSPB5_B9|HSPB5,sp|HSPB5_B9|HSPB5,5,7696,1
516,0.9882,210727_HSPB5_B9_yesUV_T_dim_01.07828.07828.4,xl,1.5950(1.3725+0.2225),0.005,6.806e-004(7.503e-006+3.586e+002),-1.4584,/,-.MDIAIHHPBIR.R(9)+R.KQVSGPER.T(4),sp|HSPB5_B9|HSPB5+sp|HSPB5_B9|HSPB5,1,2352.216,1.26E+08,7828,1860.3,2920000.0,sp|HSPB5_B9|HSPB5,sp|HSPB5_B9|HSPB5,4,7828,1
672,0.9691,210727_HSPB5_B9_yesUV_T_dim_01.08602.08602.4,xl,1.7000(0.9750+0.7250),0.005,3.404e-003(3.643e-002+2.852e-001),1.0699,/,-.MDIAIHHPBIR.R(9)+R.EEKPAVTAAPK.K(5),sp|HSPB5_B9|HSPB5+sp|HSPB5_B9|HSPB5,1,2592.3521,5.85E+07,8602,2029.5,3310000.0,sp|HSPB5_B9|HSPB5,sp|HSPB5_B9|HSPB5,4,8602,1
689,0.9711,210727_HSPB5_B9_yesUV_T_dim_01.08688.08688.4,xl,1.5900(0.8300+0.7600),0.085,3.658e-003(4.334e-001+3.969e-001),0.5137,/,-.MDIAIHHPBIR.R(9)+R.EEKPAVTAAPK.K(4),sp|HSPB5_B9|HSPB5+sp|HSPB5_B9|HSPB5,1,2592.3521,5.66E+07,8688,2046.1,3310000.0,sp|HSPB5_B9|HSPB5,sp|HSPB5_B9|HSPB5,4,8688,1
708,0.9766,210727_HSPB5_B9_yesUV_T_dim_01.08770.08770.4,xl,1.6550(0.7900+0.8650),0.055,2.891e-003(2.026e-001+2.096e-002),0.5179,/,-.MDIAIHHPBIR.R(9)+R.EEKPAVTAAPK.K(4),sp|HSPB5_B9|HSPB5+sp|HSPB5_B9|HSPB5,1,2592.3521,4.66E+07,8770,2059.9,2770000.0,sp|HSPB5_B9|HSPB5,sp|HSPB5_B9|HSPB5,4,8770,1
722,0.9947,210727_HSPB5_B9_yesUV_T_dim_01.08822.08822.5,xl,1.6150(0.9900+0.6250),0.18,1.361e-003(1.249e-002+1.888e+000),-0.3754,/,R.TIPITREEKPAVTAAPK.K(3)+-.MDIAIHHPBIR.R(9),sp|HSPB5_B9|HSPB5+sp|HSPB5_B9|HSPB5,1,3273.7695,5.78E+07,8822,2067.7,1880000.0,sp|HSPB5_B9|HSPB5,sp|HSPB5_B9|HSPB5,5,8822,1
770,0.9823,210727_HSPB5_B9_yesUV_T_dim_01.09039.09039.5,xl,1.5200(0.9350+0.5850),0.005,5.396e-003(2.677e-002+4.032e+000),-0.8002,/,R.TIPITREEKPAVTAAPK.K(5)+-.MDIAIHHPBIR.R(9),sp|HSPB5_B9|HSPB5+sp|HSPB5_B9|HSPB5,1,3273.7695,2.80E+07,9039,2102.1,1050000.0,sp|HSPB5_B9|HSPB5,sp|HSPB5_B9|HSPB5,5,9039,1
773,0.9404,210727_HSPB5_B9_yesUV_T_dim_01.09063.09063.5,xl,1.1500(0.8200+0.3300),0.005,5.509e-002(3.025e-001+1.668e+001),-0.6738,/,R.TIPITREEKPAVTAAPK.K(5)+-.MDIAIHHPBIR.R(9),sp|HSPB5_B9|HSPB5+sp|HSPB5_B9|HSPB5,1,3273.7695,2.81E+07,9063,2106.0,1050000.0,sp|HSPB5_B9|HSPB5,sp|HSPB5_B9|HSPB5,5,9063,1
788,0.9587,210727_HSPB5_B9_yesUV_T_dim_01.09155.09155.4,xl,1.3100(0.5200+0.7900),0.125,5.414e-003(5.185e+000+1.623e-001),0.6543,/,-.MDIAIHHPBIR.R(9)+R.EEKPAVTAAPK.K(4),sp|HSPB5_B9|HSPB5+sp|HSPB5_B9|HSPB5,1,2592.3521,4.78E+07,9155,2119.3,1580000.0,sp|HSPB5_B9|HSPB5,sp|HSPB5_B9|HSPB5,4,9155,1
801,0.9816,210727_HSPB5_B9_yesUV_T_dim_01.09247.09247.5,xl,1.3550(0.7750+0.5800),0.005,8.075e-003(2.149e-002+1.400e-001),-0.4943,/,R.TIPITREEKPAVTAAPK.K(5)+-.MDIAIHHPBIR.R(9),sp|HSPB5_B9|HSPB5+sp|HSPB5_B9|HSPB5,1,3273.7695,2.40E+07,9247,2132.7,854000.0,sp|HSPB5_B9|HSPB5,sp|HSPB5_B9|HSPB5,5,9247,1
808,0.9977,210727_HSPB5_B9_yesUV_T_dim_01.09315.09315.5,xl,1.7250(1.0250+0.7000),0.005,6.380e-004(8.072e-002+2.755e+000),0.0679,/,R.TIPITREEKPAVTAAPK.K(5)+-.MDIAIHHPBIR.R(9),sp|HSPB5_B9|HSPB5+sp|HSPB5_B9|HSPB5,1,3273.7695,2.32E+07,9315,2142.3,854000.0,sp|HSPB5_B9|HSPB5,sp|HSPB5_B9|HSPB5,5,9315,1
811,0.9931,210727_HSPB5_B9_yesUV_T_dim_01.09337.09337.4,xl,2.2700(1.4925+0.7775),0.135,9.114e-004(6.470e-005+3.050e-001),0.8486,/,-.MDIAIHHPBIR.R(9)+R.QDEHGFISR.E(2),sp|HSPB5_B9|HSPB5+sp|HSPB5_B9|HSPB5,1,2540.2382,9.18E+07,9337,2145.7,1990000.0,sp|HSPB5_B9|HSPB5,sp|HSPB5_B9|HSPB5,4,9337,1
827,0.9931,210727_HSPB5_B9_yesUV_T_dim_01.09466.09466.5,xl,1.5400(0.9100+0.6300),0.005,2.339e-003(4.968e-002+2.101e+000),0.1607,/,R.TIPITREEKPAVTAAPK.K(5)+-.MDIAIHHPBIR.R(9),sp|HSPB5_B9|HSPB5+sp|HSPB5_B9|HSPB5,1,3273.7695,2.57E+07,9466,2163.4,877000.0,sp|HSPB5_B9|HSPB5,sp|HSPB5_B9|HSPB5,5,9466,1
845,1.0,210727_HSPB5_B9_yesUV_T_dim_01.09600.09600.5,xl,2.6400(1.6050+1.0350),0.07,4.108e-007(7.404e-004+1.931e-001),1.3077,/,R.TIPITREEKPAVTAAPK.K(9)+-.MDIAIHHPBIR.R(9),sp|HSPB5_B9|HSPB5+sp|HSPB5_B9|HSPB5,1,3273.7695,1.50E+07,9600,2179.9,1040000.0,sp|HSPB5_B9|HSPB5,sp|HSPB5_B9|HSPB5,5,9600,1
850,0.9946,210727_HSPB5_B9_yesUV_T_dim_01.09628.09628.5,xl,1.5750(0.8650+0.7100),0.055,1.501e-003(2.269e-001+3.889e-001),0.6359,/,R.TIPITREEKPAVTAAPK.K(3)+-.MDIAIHHPBIR.R(9),sp|HSPB5_B9|HSPB5+sp|HSPB5_B9|HSPB5,1,3273.7695,1.50E+07,9628,2183.8,1040000.0,sp|HSPB5_B9|HSPB5,sp|HSPB5_B9|HSPB5,5,9628,1
930,0.9897,210727_HSPB5_B9_yesUV_T_dim_01.10029.10029.4,xl,2.7250(1.8500+0.8750),0.085,8.052e-005(9.684e-007+7.371e-003),-1.1412,/,-.MDIAIHHPBIR.R(9)+K.HFSPEELK.V(4),sp|HSPB5_B9|HSPB5+sp|HSPB5_B9|HSPB5,1,2438.2204,5.98E+08,10029,2270.1,12700000.0,sp|HSPB5_B9|HSPB5,sp|HSPB5_B9|HSPB5,4,10029,1
960,0.9808,210727_HSPB5_B9_yesUV_T_dim_01.10162.10162.4,xl,2.5800(1.8100+0.7700),0.07,4.413e-005(6.800e-008+4.919e-002),-1.4265,/,-.MDIAIHHPBIR.R(9)+K.HFSPEELK.V(4),sp|HSPB5_B9|HSPB5+sp|HSPB5_B9|HSPB5,1,2438.2204,7.00E+08,10162,2300.3,16600000.0,sp|HSPB5_B9|HSPB5,sp|HSPB5_B9|HSPB5,4,10162,1
983,0.9615,210727_HSPB5_B9_yesUV_T_dim_01.10248.10248.4,xl,1.2000(0.6825+0.5175),0.01,5.467e-003(1.794e+000+9.154e+000),0.0607,/,-.MDIAIHHPBIR.R(9)+R.TIPITR.E(1),"sp|HSPB5_B9|HSPB5+sp|HSPB5_B9|HSPB5,DECOY2",1,2152.1615,1.31E+07,10248,2318.4,2260000.0,sp|HSPB5_B9|HSPB5,"sp|HSPB5_B9|HSPB5,DECOY2",4,10248,1
994,0.9934,210727_HSPB5_B9_yesUV_T_dim_01.10317.10317.4,xl,2.8300(2.1150+0.7150),0.075,1.066e-004(6.972e-007+3.809e-001),1.9201,/,-.MDIAIHHPBIR.R(9)+K.HFSPEELK.V(4),sp|HSPB5_B9|HSPB5+sp|HSPB5_B9|HSPB5,1,2438.2204,7.00E+08,10317,2330.6,16600000.0,sp|HSPB5_B9|HSPB5,sp|HSPB5_B9|HSPB5,4,10317,1
1036,0.9799,210727_HSPB5_B9_yesUV_T_dim_01.10499.10499.4,xl,3.1100(2.0700+1.0400),0.07,1.248e-005(2.453e-008+5.309e-002),-1.2788,/,-.MDIAIHHPBIR.R(9)+K.HFSPEELK.V(4),sp|HSPB5_B9|HSPB5+sp|HSPB5_B9|HSPB5,1,2438.2204,4.49E+08,10499,2360.7,15000000.0,sp|HSPB5_B9|HSPB5,sp|HSPB5_B9|HSPB5,4,10499,1
1054,0.9469,210727_HSPB5_B9_yesUV_T_dim_01.10642.10642.5,xl,1.2900(0.7250+0.5650),0.035,6.748e-002(2.303e+000+3.999e+000),0.7778,/,-.MDIAIHHPBIR.R(9)+K.HFSPEELKVK.V(3),sp|HSPB5_B9|HSPB5+sp|HSPB5_B9|HSPB5,1,2665.3838,1.88E+07,10642,2379.9,619000.0,sp|HSPB5_B9|HSPB5,sp|HSPB5_B9|HSPB5,5,10642,1
1067,0.9918,210727_HSPB5_B9_yesUV_T_dim_01.10722.10722.4,xl,2.7650(1.9750+0.7900),0.005,7.039e-005(2.957e-006+1.017e-001),-0.7876,/,-.MDIAIHHPBIR.R(9)+K.HFSPEELK.V(3),sp|HSPB5_B9|HSPB5+sp|HSPB5_B9|HSPB5,1,2438.2204,1.32E+08,10722,2391.3,5620000.0,sp|HSPB5_B9|HSPB5,sp|HSPB5_B9|HSPB5,4,10722,1
1093,0.9898,210727_HSPB5_B9_yesUV_T_dim_01.10858.10858.5,xl,1.9750(1.3300+0.6450),0.125,1.888e-003(4.818e-003+1.489e+001),-0.9387,/,-.MDIAIHHPBIR.R(9)+K.HFSPEELKVK.V(4),sp|HSPB5_B9|HSPB5+sp|HSPB5_B9|HSPB5,1,2665.3838,1.78E+07,10858,2410.7,834000.0,sp|HSPB5_B9|HSPB5,sp|HSPB5_B9|HSPB5,5,10858,1
1109,0.9957,210727_HSPB5_B9_yesUV_T_dim_01.10952.10952.4,xl,2.6250(1.7050+0.9200),0.045,3.817e-004(3.385e-004+8.754e-002),-1.0257,/,-.MDIAIHHPBIR.R(9)+K.HFSPEELK.V(4),sp|HSPB5_B9|HSPB5+sp|HSPB5_B9|HSPB5,1,2438.2204,6.24E+08,10952,2424.7,15400000.0,sp|HSPB5_B9|HSPB5,sp|HSPB5_B9|HSPB5,4,10952,1
1130,0.9981,210727_HSPB5_B9_yesUV_T_dim_01.11088.11088.3,xl,1.4150(0.8550+0.5600),0.005,5.519e-005(4.260e-002+2.862e+000),0.1726,/,-.MDIAIHHPBIR.R(9)+K.HFSPEELK.V(6),sp|HSPB5_B9|HSPB5+sp|HSPB5_B9|HSPB5,1,2438.2204,2.71E+07,11088,2442.4,983000.0,sp|HSPB5_B9|HSPB5,sp|HSPB5_B9|HSPB5,3,11088,1
1150,0.9834,210727_HSPB5_B9_yesUV_T_dim_01.11199.11199.4,xl,2.8250(1.9950+0.8300),0.015,3.928e-005(1.141e-006+3.048e-001),2.3966,/,-.MDIAIHHPBIR.R(9)+K.HFSPEELK.V(5),sp|HSPB5_B9|HSPB5+sp|HSPB5_B9|HSPB5,1,2438.2204,1.16E+08,11199,2455.7,6970000.0,sp|HSPB5_B9|HSPB5,sp|HSPB5_B9|HSPB5,4,11199,1
1160,0.9881,210727_HSPB5_B9_yesUV_T_dim_01.11250.11250.5,xl,2.0750(0.7975+1.2775),0.05,3.906e-003(1.234e+000+5.295e-003),1.2087,/,-.MDIAIHHPBIR.R(9)+R.RPFFPFHSPSR.L(5),sp|HSPB5_B9|HSPB5+sp|HSPB5_B9|HSPB5,1,2826.4328,1.39E+07,11250,2462.2,827000.0,sp|HSPB5_B9|HSPB5,sp|HSPB5_B9|HSPB5,5,11250,1
1171,0.9469,210727_HSPB5_B9_yesUV_T_dim_01.11331.11331.5,xl,1.8600(0.6700+1.1900),0.005,5.019e-002(1.028e+001+5.620e-002),-0.5578,/,R.RIBPHHIAIDM.-(3)+R.RPFFPFHSPSR.L(5),DECOY2+sp|HSPB5_B9|HSPB5,2,2826.4328,1.40E+08,11331,2471.7,5290000.0,DECOY2,sp|HSPB5_B9|HSPB5,5,11331,1
1189,0.9468,210727_HSPB5_B9_yesUV_T_dim_01.11433.11433.5,xl,1.0900(0.4000+0.6900),0.005,2.551e-002(2.361e+001+1.380e-001),2.0426,/,R.LEKDRFSVNLDVK.H(11)+-.MDIAIHHPBIR.R(9),sp|HSPB5_B9|HSPB5+sp|HSPB5_B9|HSPB5,1,3014.5799,1.23E+07,11433,2486.0,853000.0,sp|HSPB5_B9|HSPB5,sp|HSPB5_B9|HSPB5,5,11433,1
1191,0.9879,210727_HSPB5_B9_yesUV_T_dim_01.11436.11436.4,xl,2.6650(1.7550+0.9100),0.02,9.316e-005(3.648e-006+1.589e-002),-1.4026,/,-.MDIAIHHPBIR.R(9)+K.HFSPEELK.V(5),sp|HSPB5_B9|HSPB5+sp|HSPB5_B9|HSPB5,1,2438.2204,2.90E+08,11436,2486.2,8700000.0,sp|HSPB5_B9|HSPB5,sp|HSPB5_B9|HSPB5,4,11436,1
1230,0.9843,210727_HSPB5_B9_yesUV_T_dim_01.11638.11638.4,xl,2.8450(1.9300+0.9150),0.075,2.975e-005(4.496e-007+9.485e-003),-1.0802,/,-.MDIAIHHPBIR.R(9)+K.HFSPEELK.V(4),sp|HSPB5_B9|HSPB5+sp|HSPB5_B9|HSPB5,1,2438.2204,1.15E+08,11638,2516.5,7040000.0,sp|HSPB5_B9|HSPB5,sp|HSPB5_B9|HSPB5,4,11638,1
1281,0.9802,210727_HSPB5_B9_yesUV_T_dim_01.11908.11908.4,xl,2.2800(1.4750+0.8050),0.055,2.175e-003(6.952e-005+6.498e-002),-0.461,/,-.MDIAIHHPBIR.R(9)+K.HFSPEELK.V(4),sp|HSPB5_B9|HSPB5+sp|HSPB5_B9|HSPB5,1,2438.2204,1.75E+08,11908,2546.8,6670000.0,sp|HSPB5_B9|HSPB5,sp|HSPB5_B9|HSPB5,4,11908,1
1353,0.9621,210727_HSPB5_B9_yesUV_T_dim_01.12192.12192.5,xl,2.3300(0.6875+1.6425),0.005,2.607e-003(1.773e+001+1.449e-002),3.1522,/,-.MDIAIHHPBIR.R(9)+R.RPFFPFHSPSR.L(5),sp|HSPB5_B9|HSPB5+sp|HSPB5_B9|HSPB5,1,2826.4328,2.91E+08,12192,2596.6,9680000.0,sp|HSPB5_B9|HSPB5,sp|HSPB5_B9|HSPB5,5,12192,1
1381,0.9679,210727_HSPB5_B9_yesUV_T_dim_01.12321.12321.5,xl,2.2300(0.9150+1.3150),0.005,8.656e-003(1.110e+000+3.096e-002),2.2661,/,-.MDIAIHHPBIR.R(9)+R.RPFFPFHSPSR.L(4),sp|HSPB5_B9|HSPB5+sp|HSPB5_B9|HSPB5,1,2826.4328,2.03E+08,12321,2625.3,12300000.0,sp|HSPB5_B9|HSPB5,sp|HSPB5_B9|HSPB5,5,12321,1
1386,0.964,210727_HSPB5_B9_yesUV_T_dim_01.12342.12342.5,xl,2.5200(1.0275+1.4925),0.005,1.144e-003(7.336e-001+1.363e-002),3.6921,/,-.MDIAIHHPBIR.R(9)+R.RPFFPFHSPSR.L(5),sp|HSPB5_B9|HSPB5+sp|HSPB5_B9|HSPB5,1,2826.4328,2.03E+08,12342,2629.3,12300000.0,sp|HSPB5_B9|HSPB5,sp|HSPB5_B9|HSPB5,5,12342,1
1410,0.997,210727_HSPB5_B9_yesUV_T_dim_01.12417.12417.4,xl,2.5700(1.5425+1.0275),0.065,1.617e-004(1.168e-006+1.121e-002),0.4043,/,-.MDIAIHHPBIR.R(9)+R.RPFFPFHSPSR.L(5),sp|HSPB5_B9|HSPB5+sp|HSPB5_B9|HSPB5,1,2826.4328,1.06E+08,12417,2646.4,3510000.0,sp|HSPB5_B9|HSPB5,sp|HSPB5_B9|HSPB5,4,12417,1
1413,0.9755,210727_HSPB5_B9_yesUV_T_dim_01.12422.12422.4,xl,2.4050(1.6725+0.7325),0.045,1.054e-004(9.646e-007+8.316e-001),3.2771,/,-.MDIAIHHPBIR.R(9)+R.RPFFPFHSPSR.L(6),sp|HSPB5_B9|HSPB5+sp|HSPB5_B9|HSPB5,1,2826.4328,1.06E+08,12422,2647.2,3510000.0,sp|HSPB5_B9|HSPB5,sp|HSPB5_B9|HSPB5,4,12422,1
1422,0.9925,210727_HSPB5_B9_yesUV_T_dim_01.12453.12453.5,xl,2.9950(1.3350+1.6600),0.035,6.633e-004(4.429e-002+1.385e-003),2.7203,/,-.MDIAIHHPBIR.R(9)+R.RPFFPFHSPSR.L(4),sp|HSPB5_B9|HSPB5+sp|HSPB5_B9|HSPB5,1,2826.4328,9.07E+08,12453,2653.0,12300000.0,sp|HSPB5_B9|HSPB5,sp|HSPB5_B9|HSPB5,5,12453,1
1427,0.9972,210727_HSPB5_B9_yesUV_T_dim_01.12487.12487.5,xl,2.7500(1.0250+1.7250),0.005,6.184e-004(1.494e+000+5.377e-003),1.3167,/,-.MDIAIHHPBIR.R(9)+R.RPFFPFHSPSR.L(5),sp|HSPB5_B9|HSPB5+sp|HSPB5_B9|HSPB5,1,2826.4328,6.80E+08,12487,2659.5,12200000.0,sp|HSPB5_B9|HSPB5,sp|HSPB5_B9|HSPB5,5,12487,1
1474,0.9951,210727_HSPB5_B9_yesUV_T_dim_01.12628.12628.5,xl,2.8700(1.0175+1.8525),0.04,4.152e-004(3.500e+000+4.374e-003),2.8283,/,-.MDIAIHHPBIR.R(9)+R.RPFFPFHSPSR.L(4),sp|HSPB5_B9|HSPB5+sp|HSPB5_B9|HSPB5,1,2826.4328,5.26E+08,12628,2684.7,12200000.0,sp|HSPB5_B9|HSPB5,sp|HSPB5_B9|HSPB5,5,12628,1
1520,0.9809,210727_HSPB5_B9_yesUV_T_dim_01.12820.12820.4,xl,2.4000(1.5475+0.8525),0.005,1.031e-003(1.354e-004+3.467e-001),2.5861,/,-.MDIAIHHPBIR.R(9)+R.RPFFPFHSPSR.L(4),sp|HSPB5_B9|HSPB5+sp|HSPB5_B9|HSPB5,1,2826.4328,4.04E+07,12820,2709.6,1610000.0,sp|HSPB5_B9|HSPB5,sp|HSPB5_B9|HSPB5,4,12820,1
1567,0.9905,210727_HSPB5_B9_yesUV_T_dim_01.13046.13046.4,xl,2.5900(1.6375+0.9525),0.12,3.903e-004(4.094e-005+1.940e-001),2.9316,/,-.MDIAIHHPBIR.R(9)+R.RPFFPFHSPSR.L(2),sp|HSPB5_B9|HSPB5+sp|HSPB5_B9|HSPB5,1,2826.4328,3.70E+07,13046,2740.0,2150000.0,sp|HSPB5_B9|HSPB5,sp|HSPB5_B9|HSPB5,4,13046,1
1581,0.9882,210727_HSPB5_B9_yesUV_T_dim_01.13100.13100.4,xl,2.3400(1.4275+0.9125),0.005,1.481e-003(1.157e-006+1.264e-001),0.5994,/,-.MDIAIHHPBIR.R(9)+R.RPFFPFHSPSR.L(3),sp|HSPB5_B9|HSPB5+sp|HSPB5_B9|HSPB5,1,2826.4328,2.29E+07,13100,2747.0,2410000.0,sp|HSPB5_B9|HSPB5,sp|HSPB5_B9|HSPB5,4,13100,1
1603,0.9973,210727_HSPB5_B9_yesUV_T_dim_01.13174.13174.5,xl,2.8850(1.0875+1.7975),0.07,4.013e-004(7.570e-001+2.177e-003),2.2884,/,-.MDIAIHHPBIR.R(9)+R.RPFFPFHSPSR.L(4),sp|HSPB5_B9|HSPB5+sp|HSPB5_B9|HSPB5,1,2826.4328,4.28E+08,13174,2755.2,10300000.0,sp|HSPB5_B9|HSPB5,sp|HSPB5_B9|HSPB5,5,13174,1
1606,0.9877,210727_HSPB5_B9_yesUV_T_dim_01.13187.13187.5,xl,2.6650(0.9725+1.6925),0.005,5.414e-003(4.758e+000+1.425e-003),-0.1949,/,-.MDIAIHHPBIR.R(9)+R.RPFFPFHSPSR.L(5),sp|HSPB5_B9|HSPB5+sp|HSPB5_B9|HSPB5,1,2826.4328,4.28E+08,13187,2757.3,10300000.0,sp|HSPB5_B9|HSPB5,sp|HSPB5_B9|HSPB5,5,13187,1
1629,0.9943,210727_HSPB5_B9_yesUV_T_dim_01.13278.13278.4,xl,2.0250(1.2925+0.7325),0.015,7.971e-004(2.248e-006+2.126e-001),-0.3837,/,-.MDIAIHHPBIR.R(9)+R.RPFFPFHSPSR.L(2),sp|HSPB5_B9|HSPB5+sp|HSPB5_B9|HSPB5,1,2826.4328,8.67E+07,13278,2773.7,3990000.0,sp|HSPB5_B9|HSPB5,sp|HSPB5_B9|HSPB5,4,13278,1
1634,0.9412,210727_HSPB5_B9_yesUV_T_dim_01.13292.13292.5,xl,1.5300(0.6200+0.9100),0.185,1.417e-002(8.607e+000+3.684e-001),2.5938,/,R.LEKDRFSVNLDVK.H(7)+-.MDIAIHHPBIR.R(9),sp|HSPB5_B9|HSPB5+sp|HSPB5_B9|HSPB5,1,3014.5799,1.30E+08,13292,2775.9,4690000.0,sp|HSPB5_B9|HSPB5,sp|HSPB5_B9|HSPB5,5,13292,1
1654,0.9998,210727_HSPB5_B9_yesUV_T_dim_01.13368.13368.5,xl,3.0800(1.2475+1.8325),0.065,9.598e-005(1.708e-001+2.434e-004),1.2087,/,-.MDIAIHHPBIR.R(9)+R.RPFFPFHSPSR.L(4),sp|HSPB5_B9|HSPB5+sp|HSPB5_B9|HSPB5,1,2826.4328,1.57E+08,13368,2787.4,7220000.0,sp|HSPB5_B9|HSPB5,sp|HSPB5_B9|HSPB5,5,13368,1
1655,0.9844,210727_HSPB5_B9_yesUV_T_dim_01.13370.13370.5,xl,2.4150(1.0125+1.4025),0.1,2.847e-003(5.720e-001+1.141e-003),2.2435,/,-.MDIAIHHPBIR.R(9)+R.RPFFPFHSPSR.L(4),sp|HSPB5_B9|HSPB5+sp|HSPB5_B9|HSPB5,1,2826.4328,1.57E+08,13370,2787.8,7220000.0,sp|HSPB5_B9|HSPB5,sp|HSPB5_B9|HSPB5,5,13370,1
1674,0.9971,210727_HSPB5_B9_yesUV_T_dim_01.13420.13420.5,xl,2.8100(1.1025+1.7075),0.065,4.455e-004(6.281e-001+5.397e-004),2.2068,/,-.MDIAIHHPBIR.R(9)+R.RPFFPFHSPSR.L(4),sp|HSPB5_B9|HSPB5+sp|HSPB5_B9|HSPB5,1,2826.4328,1.57E+08,13420,2795.9,7220000.0,sp|HSPB5_B9|HSPB5,sp|HSPB5_B9|HSPB5,5,13420,1
1686,0.9954,210727_HSPB5_B9_yesUV_T_dim_01.13450.13450.4,xl,2.6450(1.4975+1.1475),0.05,3.692e-006(2.703e-005+2.437e-003),1.0365,/,-.MDIAIHHPBIR.R(1)+-.MDIAIHHPBIR.R(9),sp|HSPB5_B9|HSPB5+sp|HSPB5_B9|HSPB5,1,2905.4671,3.88E+07,13450,2800.1,2490000.0,sp|HSPB5_B9|HSPB5,sp|HSPB5_B9|HSPB5,4,13450,1
1690,1.0,210727_HSPB5_B9_yesUV_T_dim_01.13467.13467.4,xl,2.4800(1.1375+1.3425),0.07,5.301e-008(1.306e-002+1.647e-003),0.8468,/,-.MDIAIHHPBIR.R(1)+-.MDIAIHHPBIR.R(9),sp|HSPB5_B9|HSPB5+sp|HSPB5_B9|HSPB5,1,2905.4671,2.01E+07,13467,2802.8,1750000.0,sp|HSPB5_B9|HSPB5,sp|HSPB5_B9|HSPB5,4,13467,1
1695,0.985,210727_HSPB5_B9_yesUV_T_dim_01.13493.13493.4,xl,2.2800(1.3725+0.9075),0.025,1.776e-003(5.620e-005+9.378e-002),-0.3452,/,-.MDIAIHHPBIR.R(9)+R.RPFFPFHSPSR.L(4),sp|HSPB5_B9|HSPB5+sp|HSPB5_B9|HSPB5,1,2826.4328,1.79E+07,13493,2806.0,1020000.0,sp|HSPB5_B9|HSPB5,sp|HSPB5_B9|HSPB5,4,13493,1
1727,0.9889,210727_HSPB5_B9_yesUV_T_dim_01.13624.13624.4,xl,2.1000(1.4225+0.6775),0.05,1.096e-003(1.593e-005+2.295e+000),1.6999,/,-.MDIAIHHPBIR.R(9)+R.RPFFPFHSPSR.L(2),sp|HSPB5_B9|HSPB5+sp|HSPB5_B9|HSPB5,1,2826.4328,7.58E+06,13624,2822.0,876000.0,sp|HSPB5_B9|HSPB5,sp|HSPB5_B9|HSPB5,4,13624,1
1728,0.9983,210727_HSPB5_B9_yesUV_T_dim_01.13631.13631.5,xl,2.8850(1.2275+1.6575),0.04,4.019e-004(2.480e-001+8.904e-003),1.2943,/,-.MDIAIHHPBIR.R(9)+R.RPFFPFHSPSR.L(4),sp|HSPB5_B9|HSPB5+sp|HSPB5_B9|HSPB5,1,2826.4328,3.25E+07,13631,2822.4,3050000.0,sp|HSPB5_B9|HSPB5,sp|HSPB5_B9|HSPB5,5,13631,1
1747,0.989,210727_HSPB5_B9_yesUV_T_dim_01.13733.13733.4,xl,2.3950(1.1050+1.2900),0.055,1.777e-005(5.465e-003+5.290e-004),1.2669,/,-.MDIAIHHPBIR.R(1)+-.MDIAIHHPBIR.R(9),sp|HSPB5_B9|HSPB5+sp|HSPB5_B9|HSPB5,1,2905.4671,1.19E+07,13733,2834.9,1280000.0,sp|HSPB5_B9|HSPB5,sp|HSPB5_B9|HSPB5,4,13733,1
1756,0.9953,210727_HSPB5_B9_yesUV_T_dim_01.13760.13760.4,xl,2.2800(1.5875+0.6925),0.105,4.353e-004(6.017e-007+8.138e-001),2.1542,/,-.MDIAIHHPBIR.R(9)+R.RPFFPFHSPSR.L(4),sp|HSPB5_B9|HSPB5+sp|HSPB5_B9|HSPB5,1,2826.4328,1.28E+07,13760,2838.1,1320000.0,sp|HSPB5_B9|HSPB5,sp|HSPB5_B9|HSPB5,4,13760,1
1757,0.9905,210727_HSPB5_B9_yesUV_T_dim_01.13762.13762.5,xl,2.7500(1.2000+1.5500),0.07,6.608e-004(2.236e-001+3.515e-003),2.9139,/,-.MDIAIHHPBIR.R(9)+R.RPFFPFHSPSR.L(4),sp|HSPB5_B9|HSPB5+sp|HSPB5_B9|HSPB5,1,2826.4328,5.67E+07,13762,2838.2,4100000.0,sp|HSPB5_B9|HSPB5,sp|HSPB5_B9|HSPB5,5,13762,1
1764,0.9909,210727_HSPB5_B9_yesUV_T_dim_01.13792.13792.4,xl,2.0700(1.4625+0.6075),0.005,6.984e-004(4.304e-006+5.439e+000),2.3269,/,-.MDIAIHHPBIR.R(9)+R.RPFFPFHSPSR.L(1),sp|HSPB5_B9|HSPB5+sp|HSPB5_B9|HSPB5,1,2826.4328,1.26E+07,13792,2842.3,1290000.0,sp|HSPB5_B9|HSPB5,sp|HSPB5_B9|HSPB5,4,13792,1
1775,0.9988,210727_HSPB5_B9_yesUV_T_dim_01.13826.13826.5,xl,2.8750(1.1975+1.6775),0.05,2.937e-004(2.239e-001+6.129e-003),1.5326,/,-.MDIAIHHPBIR.R(9)+R.RPFFPFHSPSR.L(4),sp|HSPB5_B9|HSPB5+sp|HSPB5_B9|HSPB5,1,2826.4328,1.48E+08,13826,2847.9,5230000.0,sp|HSPB5_B9|HSPB5,sp|HSPB5_B9|HSPB5,5,13826,1
1786,0.995,210727_HSPB5_B9_yesUV_T_dim_01.13853.13853.4,xl,2.2800(0.9450+1.3350),0.115,1.476e-004(1.338e-002+5.172e-005),-0.8728,/,-.MDIAIHHPBIR.R(1)+-.MDIAIHHPBIR.R(9),sp|HSPB5_B9|HSPB5+sp|HSPB5_B9|HSPB5,1,2905.4671,2.17E+07,13853,2851.8,1570000.0,sp|HSPB5_B9|HSPB5,sp|HSPB5_B9|HSPB5,4,13853,1
1810,0.9973,210727_HSPB5_B9_yesUV_T_dim_01.13934.13934.5,xl,2.5850(1.0475+1.5375),0.095,4.804e-004(5.077e-001+1.673e-003),1.9645,/,-.MDIAIHHPBIR.R(9)+R.RPFFPFHSPSR.L(4),sp|HSPB5_B9|HSPB5+sp|HSPB5_B9|HSPB5,1,2826.4328,1.48E+08,13934,2862.9,5230000.0,sp|HSPB5_B9|HSPB5,sp|HSPB5_B9|HSPB5,5,13934,1
1821,0.9846,210727_HSPB5_B9_yesUV_T_dim_01.13985.13985.4,xl,2.2000(0.8625+1.3375),0.105,1.740e-003(2.141e-001+1.306e-003),-0.4487,/,-.MDIAIHHPBIR.R(1)+-.MDIAIHHPBIR.R(9),sp|HSPB5_B9|HSPB5+sp|HSPB5_B9|HSPB5,1,2905.4671,2.65E+07,13985,2869.1,1290000.0,sp|HSPB5_B9|HSPB5,sp|HSPB5_B9|HSPB5,4,13985,1
1823,0.9599,210727_HSPB5_B9_yesUV_T_dim_01.14003.14003.4,xl,1.8300(1.3250+0.5050),0.005,5.724e-003(2.611e-006+3.852e+000),-0.0664,/,-.MDIAIHHPBIR.R(9)+R.RPFFPFHSPSR.L(4),sp|HSPB5_B9|HSPB5+sp|HSPB5_B9|HSPB5,1,2826.4328,6.50E+06,14003,2871.0,837000.0,sp|HSPB5_B9|HSPB5,sp|HSPB5_B9|HSPB5,4,14003,1
1848,0.9932,210727_HSPB5_B9_yesUV_T_dim_01.14091.14091.4,xl,2.4350(1.0600+1.3750),0.115,1.923e-004(3.249e-004+1.738e-006),-1.4003,/,-.MDIAIHHPBIR.R(1)+-.MDIAIHHPBIR.R(9),sp|HSPB5_B9|HSPB5+sp|HSPB5_B9|HSPB5,1,2905.4671,2.65E+07,14091,2882.5,1290000.0,sp|HSPB5_B9|HSPB5,sp|HSPB5_B9|HSPB5,4,14091,1
1858,0.9573,210727_HSPB5_B9_yesUV_T_dim_01.14155.14155.5,xl,2.9400(1.7400+1.2000),0.17,2.487e-003(1.688e-004+4.719e-002),0.4098,/,-.MDIAIHHPBIR.R(1)+-.MDIAIHHPBIR.R(9),sp|HSPB5_B9|HSPB5+sp|HSPB5_B9|HSPB5,1,2905.4671,8.06E+07,14155,2889.7,4240000.0,sp|HSPB5_B9|HSPB5,sp|HSPB5_B9|HSPB5,5,14155,1
1874,0.9982,210727_HSPB5_B9_yesUV_T_dim_01.14202.14202.5,xl,2.8500(1.2325+1.6175),0.005,2.412e-004(2.634e-001+1.605e-003),2.6124,/,-.MDIAIHHPBIR.R(9)+R.RPFFPFHSPSR.L(4),sp|HSPB5_B9|HSPB5+sp|HSPB5_B9|HSPB5,1,2826.4328,6.06E+07,14202,2895.3,3730000.0,sp|HSPB5_B9|HSPB5,sp|HSPB5_B9|HSPB5,5,14202,1
1882,0.9975,210727_HSPB5_B9_yesUV_T_dim_01.14238.14238.4,xl,2.4350(1.1525+1.2825),0.055,1.700e-003(2.307e-004+2.708e-005),-0.2715,/,-.MDIAIHHPBIR.R(1)+-.MDIAIHHPBIR.R(9),sp|HSPB5_B9|HSPB5+sp|HSPB5_B9|HSPB5,1,2905.4671,4.01E+07,14238,2899.3,2460000.0,sp|HSPB5_B9|HSPB5,sp|HSPB5_B9|HSPB5,4,14238,1
1899,0.9984,210727_HSPB5_B9_yesUV_T_dim_01.14299.14299.5,xl,2.8450(1.2525+1.5925),0.065,2.632e-004(6.766e-002+6.366e-003),2.3964,/,-.MDIAIHHPBIR.R(9)+R.RPFFPFHSPSR.L(4),sp|HSPB5_B9|HSPB5+sp|HSPB5_B9|HSPB5,1,2826.4328,6.06E+07,14299,2906.9,3730000.0,sp|HSPB5_B9|HSPB5,sp|HSPB5_B9|HSPB5,5,14299,1
1909,0.9681,210727_HSPB5_B9_yesUV_T_dim_01.14334.14334.5,xl,2.5850(1.4025+1.1825),0.075,9.333e-003(1.694e-003+2.460e-002),0.4745,/,-.MDIAIHHPBIR.R(1)+-.MDIAIHHPBIR.R(9),sp|HSPB5_B9|HSPB5+sp|HSPB5_B9|HSPB5,1,2905.4671,7.60E+07,14334,2911.7,4670000.0,sp|HSPB5_B9|HSPB5,sp|HSPB5_B9|HSPB5,5,14334,1
1940,0.9886,210727_HSPB5_B9_yesUV_T_dim_01.14470.14470.4,xl,3.0800(1.5825+1.4975),0.075,5.189e-005(6.998e-006+2.174e-005),-0.6276,/,-.MDIAIHHPBIR.R(1)+-.MDIAIHHPBIR.R(9),sp|HSPB5_B9|HSPB5+sp|HSPB5_B9|HSPB5,1,2905.4671,5.64E+07,14470,2929.5,2800000.0,sp|HSPB5_B9|HSPB5,sp|HSPB5_B9|HSPB5,4,14470,1
1942,0.9917,210727_HSPB5_B9_yesUV_T_dim_01.14481.14481.5,xl,2.7650(1.3125+1.4525),0.04,1.247e-003(3.471e-002+3.079e-002),2.1805,/,-.MDIAIHHPBIR.R(9)+R.RPFFPFHSPSR.L(4),sp|HSPB5_B9|HSPB5+sp|HSPB5_B9|HSPB5,1,2826.4328,2.00E+07,14481,2930.9,2120000.0,sp|HSPB5_B9|HSPB5,sp|HSPB5_B9|HSPB5,5,14481,1
1953,0.986,210727_HSPB5_B9_yesUV_T_dim_01.14526.14526.4,xl,1.2950(1.0300+0.2650),0.11,1.774e-003(7.615e-006+6.109e+001),-0.178,/,-.MDIAIHHPBIR.R(9)+R.RPFFPFHSPSR.L(7),sp|HSPB5_B9|HSPB5+sp|HSPB5_B9|HSPB5,1,2826.4328,8.91E+06,14526,2936.4,1430000.0,sp|HSPB5_B9|HSPB5,sp|HSPB5_B9|HSPB5,4,14526,1
1954,0.9998,210727_HSPB5_B9_yesUV_T_dim_01.14537.14537.5,xl,2.9900(1.2475+1.7425),0.025,1.074e-004(4.804e-001+9.844e-003),1.4247,/,-.MDIAIHHPBIR.R(9)+R.RPFFPFHSPSR.L(6),sp|HSPB5_B9|HSPB5+sp|HSPB5_B9|HSPB5,1,2826.4328,1.37E+08,14537,2937.3,3180000.0,sp|HSPB5_B9|HSPB5,sp|HSPB5_B9|HSPB5,5,14537,1
1955,0.9588,210727_HSPB5_B9_yesUV_T_dim_01.14541.14541.4,xl,1.8400(1.2700+0.5700),0.095,4.252e-003(2.622e-005+1.106e+000),1.4408,/,-.MDIAIHHPBIR.R(9)+R.RPFFPFHSPSR.L(2),sp|HSPB5_B9|HSPB5+sp|HSPB5_B9|HSPB5,1,2826.4328,5.84E+06,14541,2938.0,710000.0,sp|HSPB5_B9|HSPB5,sp|HSPB5_B9|HSPB5,4,14541,1
1961,0.996,210727_HSPB5_B9_yesUV_T_dim_01.14574.14574.5,xl,3.3850(1.7775+1.6075),0.0,8.434e-004(1.915e-004+1.126e-003),0.1501,/,-.MDIAIHHPBIR.R(1)+-.MDIAIHHPBIR.R(9),sp|HSPB5_B9|HSPB5+sp|HSPB5_B9|HSPB5,1,2905.4671,3.27E+08,14574,2941.9,7020000.0,sp|HSPB5_B9|HSPB5,sp|HSPB5_B9|HSPB5,5,14574,1
1995,0.9951,210727_HSPB5_B9_yesUV_T_dim_01.14722.14722.4,xl,2.9600(1.3025+1.6575),0.05,9.920e-006(4.188e-004+4.497e-006),-1.1151,/,-.MDIAIHHPBIR.R(1)+-.MDIAIHHPBIR.R(9),sp|HSPB5_B9|HSPB5+sp|HSPB5_B9|HSPB5,1,2905.4671,5.78E+07,14722,2960.0,2860000.0,sp|HSPB5_B9|HSPB5,sp|HSPB5_B9|HSPB5,4,14722,1
1999,0.9974,210727_HSPB5_B9_yesUV_T_dim_01.14743.14743.4,xl,1.8800(1.3625+0.5175),0.12,2.782e-004(2.554e-005+2.858e+000),1.0313,/,-.MDIAIHHPBIR.R(9)+R.RPFFPFHSPSR.L(1),sp|HSPB5_B9|HSPB5+sp|HSPB5_B9|HSPB5,1,2826.4328,1.57E+07,14743,2962.9,1390000.0,sp|HSPB5_B9|HSPB5,sp|HSPB5_B9|HSPB5,4,14743,1
2000,0.9942,210727_HSPB5_B9_yesUV_T_dim_01.14749.14749.5,xl,2.6900(1.1175+1.5725),0.025,6.383e-004(1.593e+000+9.712e-003),2.5044,/,-.MDIAIHHPBIR.R(9)+R.RPFFPFHSPSR.L(4),sp|HSPB5_B9|HSPB5+sp|HSPB5_B9|HSPB5,1,2826.4328,1.64E+08,14749,2963.5,3180000.0,sp|HSPB5_B9|HSPB5,sp|HSPB5_B9|HSPB5,5,14749,1
2006,0.9888,210727_HSPB5_B9_yesUV_T_dim_01.14777.14777.4,xl,2.0300(1.2875+0.7425),0.125,1.143e-003(7.376e-004+1.049e-001),-0.6963,/,-.MDIAIHHPBIR.R(9)+R.RPFFPFHSPSR.L(2),sp|HSPB5_B9|HSPB5+sp|HSPB5_B9|HSPB5,1,2826.4328,1.57E+07,14777,2967.2,1390000.0,sp|HSPB5_B9|HSPB5,sp|HSPB5_B9|HSPB5,4,14777,1
2012,0.9933,210727_HSPB5_B9_yesUV_T_dim_01.14823.14823.5,xl,3.2250(1.7725+1.4525),0.18,5.945e-004(6.847e-005+2.224e-003),0.0203,/,-.MDIAIHHPBIR.R(1)+-.MDIAIHHPBIR.R(9),sp|HSPB5_B9|HSPB5+sp|HSPB5_B9|HSPB5,1,2905.4671,2.80E+08,14823,2972.3,7020000.0,sp|HSPB5_B9|HSPB5,sp|HSPB5_B9|HSPB5,5,14823,1
2056,0.9975,210727_HSPB5_B9_yesUV_T_dim_01.15029.15029.4,xl,2.8750(1.3275+1.5475),0.075,1.839e-004(3.861e-004+2.141e-005),-0.2631,/,-.MDIAIHHPBIR.R(1)+-.MDIAIHHPBIR.R(9),sp|HSPB5_B9|HSPB5+sp|HSPB5_B9|HSPB5,1,2905.4671,3.92E+07,15029,2996.6,2620000.0,sp|HSPB5_B9|HSPB5,sp|HSPB5_B9|HSPB5,4,15029,1
2065,0.9969,210727_HSPB5_B9_yesUV_T_dim_01.15100.15100.4,xl,2.9000(1.1625+1.7375),0.035,3.357e-004(1.343e-001+6.899e-004),-0.7085,/,-.MDIAIHHPBIR.R(1)+-.MDIAIHHPBIR.R(9),sp|HSPB5_B9|HSPB5+sp|HSPB5_B9|HSPB5,1,2905.4671,3.92E+07,15100,3004.0,2620000.0,sp|HSPB5_B9|HSPB5,sp|HSPB5_B9|HSPB5,4,15100,1
2073,0.9872,210727_HSPB5_B9_yesUV_T_dim_01.15141.15141.5,xl,3.1150(1.5425+1.5725),0.165,8.862e-004(5.798e-003+4.380e-003),0.4782,/,-.MDIAIHHPBIR.R(1)+-.MDIAIHHPBIR.R(9),sp|HSPB5_B9|HSPB5+sp|HSPB5_B9|HSPB5,1,2905.4671,2.16E+08,15141,3008.5,8100000.0,sp|HSPB5_B9|HSPB5,sp|HSPB5_B9|HSPB5,5,15141,1
2077,0.982,210727_HSPB5_B9_yesUV_T_dim_01.15171.15171.4,xl,1.6750(0.4850+1.1900),0.005,3.481e-004(2.189e+001+6.110e-004),-2.4668,/,R.ADLAKYICENQDSISSK.L(16)+-.MDIAIHHPBIR.R(9),sp|ALBU_HUMAN|+sp|HSPB5_B9|HSPB5,2,3336.627,1.28E+07,15171,3011.6,1100000.0,sp|ALBU_HUMAN|,sp|HSPB5_B9|HSPB5,4,15171,1
2106,1.0,210727_HSPB5_B9_yesUV_T_dim_01.15340.15340.5,xl,2.5400(1.7975+0.7425),0.075,2.281e-005(1.916e-005+1.575e+000),-0.0854,/,R.APSWFDTGLSEMR.L(4)+-.MDIAIHHPBIR.R(9),sp|HSPB5_B9|HSPB5+sp|HSPB5_B9|HSPB5,1,2948.4101,6.23E+07,15340,3031.9,2880000.0,sp|HSPB5_B9|HSPB5,sp|HSPB5_B9|HSPB5,5,15340,1
2120,0.9908,210727_HSPB5_B9_yesUV_T_dim_01.15401.15401.5,xl,3.5200(2.0700+1.4500),0.11,2.752e-004(4.230e-006+3.445e-003),0.4782,/,-.MDIAIHHPBIR.R(1)+-.MDIAIHHPBIR.R(9),sp|HSPB5_B9|HSPB5+sp|HSPB5_B9|HSPB5,1,2905.4671,3.67E+08,15401,3038.7,13500000.0,sp|HSPB5_B9|HSPB5,sp|HSPB5_B9|HSPB5,5,15401,1
2130,0.9617,210727_HSPB5_B9_yesUV_T_dim_01.15435.15435.4,xl,1.5450(0.4950+1.0500),0.005,1.146e-003(2.185e+001+8.661e-003),-1.9546,/,R.ADLAKYICENQDSISSK.L(10)+-.MDIAIHHPBIR.R(9),sp|ALBU_HUMAN|+sp|HSPB5_B9|HSPB5,2,3336.627,2.01E+07,15435,3042.7,1680000.0,sp|ALBU_HUMAN|,sp|HSPB5_B9|HSPB5,4,15435,1
2152,0.996,210727_HSPB5_B9_yesUV_T_dim_01.15521.15521.4,xl,2.3850(1.4575+0.9275),0.125,1.228e-004(1.347e-004+6.990e-002),0.7143,/,R.APSWFDTGLSEMR.L(4)+-.MDIAIHHPBIR.R(9),sp|HSPB5_B9|HSPB5+sp|HSPB5_B9|HSPB5,1,2948.4101,4.23E+07,15521,3052.7,2540000.0,sp|HSPB5_B9|HSPB5,sp|HSPB5_B9|HSPB5,4,15521,1
2156,0.9947,210727_HSPB5_B9_yesUV_T_dim_01.15551.15551.4,xl,3.1250(1.5400+1.5850),0.035,5.868e-005(8.065e-005+4.645e-005),-0.2607,/,-.MDIAIHHPBIR.R(1)+-.MDIAIHHPBIR.R(9),sp|HSPB5_B9|HSPB5+sp|HSPB5_B9|HSPB5,1,2905.4671,6.40E+07,15551,3056.8,3270000.0,sp|HSPB5_B9|HSPB5,sp|HSPB5_B9|HSPB5,4,15551,1
2165,1.0,210727_HSPB5_B9_yesUV_T_dim_01.15594.15594.5,xl,2.6750(1.9275+0.7475),0.11,5.346e-006(2.360e-006+2.108e+000),-0.2875,/,R.APSWFDTGLSEMR.L(4)+-.MDIAIHHPBIR.R(9),sp|HSPB5_B9|HSPB5+sp|HSPB5_B9|HSPB5,1,2948.4101,4.39E+07,15594,3062.8,2550000.0,sp|HSPB5_B9|HSPB5,sp|HSPB5_B9|HSPB5,5,15594,1
2168,0.9965,210727_HSPB5_B9_yesUV_T_dim_01.15618.15618.5,xl,1.8150(1.0675+0.7475),0.015,9.201e-004(1.422e-002+4.703e-001),0.53,/,R.APSWFDTGLSEMRLEKDR.F(4)+-.MDIAIHHPBIR.R(9),sp|HSPB5_B9|HSPB5+sp|HSPB5_B9|HSPB5,1,3589.7597,7.92E+06,15618,3065.3,1090000.0,sp|HSPB5_B9|HSPB5,sp|HSPB5_B9|HSPB5,5,15618,1
2174,0.9944,210727_HSPB5_B9_yesUV_T_dim_01.15650.15650.5,xl,3.3500(1.7850+1.5650),0.11,8.896e-004(1.655e-004+1.631e-003),0.479,/,-.MDIAIHHPBIR.R(1)+-.MDIAIHHPBIR.R(9),sp|HSPB5_B9|HSPB5+sp|HSPB5_B9|HSPB5,1,2905.4671,1.42E+08,15650,3069.0,10200000.0,sp|HSPB5_B9|HSPB5,sp|HSPB5_B9|HSPB5,5,15650,1
2181,0.9996,210727_HSPB5_B9_yesUV_T_dim_01.15690.15690.4,xl,2.4450(1.3875+1.0575),0.115,9.507e-007(1.944e-004+2.719e-003),0.5909,/,R.APSWFDTGLSEMR.L(4)+-.MDIAIHHPBIR.R(9),sp|HSPB5_B9|HSPB5+sp|HSPB5_B9|HSPB5,1,2948.4101,4.23E+07,15690,3073.9,2540000.0,sp|HSPB5_B9|HSPB5,sp|HSPB5_B9|HSPB5,4,15690,1
2195,0.9949,210727_HSPB5_B9_yesUV_T_dim_01.15765.15765.5,xl,2.0200(1.0550+0.9650),0.14,1.116e-003(1.075e-002+4.647e-002),1.3168,/,R.FSVNLDVKHFSPEELK.V(8)+-.MDIAIHHPBIR.R(9),sp|HSPB5_B9|HSPB5+sp|HSPB5_B9|HSPB5,1,3340.7065,5.10E+07,15765,3081.3,2390000.0,sp|HSPB5_B9|HSPB5,sp|HSPB5_B9|HSPB5,5,15765,1
2204,0.9912,210727_HSPB5_B9_yesUV_T_dim_01.15787.15787.4,xl,2.6050(1.4725+1.1325),0.1,1.077e-005(2.751e-004+1.236e-002),0.6306,/,R.APSWFDTGLSEMR.L(4)+-.MDIAIHHPBIR.R(9),sp|HSPB5_B9|HSPB5+sp|HSPB5_B9|HSPB5,1,2948.4101,2.60E+07,15787,3084.1,1120000.0,sp|HSPB5_B9|HSPB5,sp|HSPB5_B9|HSPB5,4,15787,1
2210,0.9909,210727_HSPB5_B9_yesUV_T_dim_01.15811.15811.4,xl,3.4750(1.6950+1.7800),0.06,3.588e-005(4.552e-005+1.730e-005),-0.6141,/,-.MDIAIHHPBIR.R(1)+-.MDIAIHHPBIR.R(9),sp|HSPB5_B9|HSPB5+sp|HSPB5_B9|HSPB5,1,2905.4671,1.43E+08,15811,3087.0,4500000.0,sp|HSPB5_B9|HSPB5,sp|HSPB5_B9|HSPB5,4,15811,1
2214,0.9987,210727_HSPB5_B9_yesUV_T_dim_01.15830.15830.5,xl,2.1500(1.4875+0.6625),0.005,3.917e-004(6.469e-005+1.233e+001),-0.0851,/,R.APSWFDTGLSEMR.L(5)+-.MDIAIHHPBIR.R(9),sp|HSPB5_B9|HSPB5+sp|HSPB5_B9|HSPB5,1,2948.4101,2.60E+07,15830,3089.1,1410000.0,sp|HSPB5_B9|HSPB5,sp|HSPB5_B9|HSPB5,5,15830,1
2221,0.9999,210727_HSPB5_B9_yesUV_T_dim_01.15864.15864.5,xl,1.3750(0.5550+0.8200),0.105,8.155e-005(1.805e+000+1.475e-001),1.7165,/,K.DRFSVNLDVKHFSPEELK.V(14)+-.MDIAIHHPBIR.R(9),sp|HSPB5_B9|HSPB5+sp|HSPB5_B9|HSPB5,1,3611.8346,4.94E+06,15864,3093.2,447000.0,sp|HSPB5_B9|HSPB5,sp|HSPB5_B9|HSPB5,5,15864,1
2223,0.9919,210727_HSPB5_B9_yesUV_T_dim_01.15872.15872.4,xl,2.0250(0.9800+1.0450),0.005,3.176e-005(1.099e-002+2.678e-004),-0.1423,/,R.FSVNLDVKHFSPEELK.V(5)+-.MDIAIHHPBIR.R(9),sp|HSPB5_B9|HSPB5+sp|HSPB5_B9|HSPB5,1,3340.7065,9.67E+06,15872,3094.0,710000.0,sp|HSPB5_B9|HSPB5,sp|HSPB5_B9|HSPB5,4,15872,1
2231,0.963,210727_HSPB5_B9_yesUV_T_dim_01.15898.15898.5,xl,1.7250(0.8500+0.8750),0.005,2.435e-002(5.739e-001+6.075e-001),-0.5125,/,R.FSVNLDVKHFSPEELK.V(4)+-.MDIAIHHPBIR.R(9),sp|HSPB5_B9|HSPB5+sp|HSPB5_B9|HSPB5,1,3340.7065,1.72E+07,15898,3096.8,1680000.0,sp|HSPB5_B9|HSPB5,sp|HSPB5_B9|HSPB5,5,15898,1
2234,0.9667,210727_HSPB5_B9_yesUV_T_dim_01.15916.15916.5,xl,3.1300(1.8575+1.2725),0.095,1.037e-003(4.643e-005+2.702e-002),0.446,/,-.MDIAIHHPBIR.R(1)+-.MDIAIHHPBIR.R(9),sp|HSPB5_B9|HSPB5+sp|HSPB5_B9|HSPB5,1,2905.4671,6.23E+08,15916,3099.2,18700000.0,sp|HSPB5_B9|HSPB5,sp|HSPB5_B9|HSPB5,5,15916,1
2249,0.9973,210727_HSPB5_B9_yesUV_T_dim_01.16015.16015.5,xl,2.2700(1.5450+0.7250),0.005,2.067e-004(3.389e-004+3.927e+000),3.1778,/,R.APSWFDTGLSEMR.L(5)+-.MDIAIHHPBIR.R(9),sp|HSPB5_B9|HSPB5+sp|HSPB5_B9|HSPB5,1,2948.4101,3.82E+07,16015,3111.0,1790000.0,sp|HSPB5_B9|HSPB5,sp|HSPB5_B9|HSPB5,5,16015,1
2250,0.9903,210727_HSPB5_B9_yesUV_T_dim_01.16017.16017.5,xl,1.0750(0.5750+0.5000),1.075,1.929e-003(1.004e+000+4.949e+000),-0.868,/,K.DRFSVNLDVKHFSPEELK.V(9)+-.MDIAIHHPBIR.R(9),sp|HSPB5_B9|HSPB5+sp|HSPB5_B9|HSPB5,1,3611.8346,8.80E+06,16017,3111.4,475000.0,sp|HSPB5_B9|HSPB5,sp|HSPB5_B9|HSPB5,5,16017,1
2261,0.9949,210727_HSPB5_B9_yesUV_T_dim_01.16067.16067.4,xl,3.3300(1.4425+1.8875),0.06,1.011e-005(1.134e-004+3.830e-007),-0.6141,/,-.MDIAIHHPBIR.R(1)+-.MDIAIHHPBIR.R(9),sp|HSPB5_B9|HSPB5+sp|HSPB5_B9|HSPB5,1,2905.4671,9.20E+07,16067,3117.7,2450000.0,sp|HSPB5_B9|HSPB5,sp|HSPB5_B9|HSPB5,4,16067,1
2264,0.9691,210727_HSPB5_B9_yesUV_T_dim_01.16074.16074.5,xl,1.9750(0.8225+1.1525),0.1,9.977e-003(1.624e+000+5.768e-002),2.0725,/,-.MDIAIHHPBIR.R(9)+R.RPFFPFHSPSR.L(5),sp|HSPB5_B9|HSPB5+sp|HSPB5_B9|HSPB5,1,2826.4328,1.64E+07,16074,3118.4,1280000.0,sp|HSPB5_B9|HSPB5,sp|HSPB5_B9|HSPB5,5,16074,1
2280,0.992,210727_HSPB5_B9_yesUV_T_dim_01.16143.16143.4,xl,2.8450(1.7050+1.1400),0.09,1.131e-006(8.686e-006+2.944e-003),-3.0713,/,R.APSWFDTGLSEMR.L(4)+-.MDIAIHHPBIR.R(9),sp|HSPB5_B9|HSPB5+sp|HSPB5_B9|HSPB5,1,2948.4101,2.39E+07,16143,3127.4,1700000.0,sp|HSPB5_B9|HSPB5,sp|HSPB5_B9|HSPB5,4,16143,1
2288,0.9603,210727_HSPB5_B9_yesUV_T_dim_01.16163.16163.5,xl,3.1800(1.8050+1.3750),0.0,4.056e-004(9.353e-004+4.013e-002),0.3913,/,-.MDIAIHHPBIR.R(1)+-.MDIAIHHPBIR.R(9),sp|HSPB5_B9|HSPB5+sp|HSPB5_B9|HSPB5,1,2905.4671,1.29E+08,16163,3129.4,6720000.0,sp|HSPB5_B9|HSPB5,sp|HSPB5_B9|HSPB5,5,16163,1
2317,1.0,210727_HSPB5_B9_yesUV_T_dim_01.16333.16333.5,xl,3.2150(2.1950+1.0200),0.055,2.811e-007(6.835e-008+1.425e-001),-0.3299,/,R.APSWFDTGLSEMR.L(4)+-.MDIAIHHPBIR.R(9),sp|HSPB5_B9|HSPB5+sp|HSPB5_B9|HSPB5,1,2948.4101,5.55E+07,16333,3149.8,2580000.0,sp|HSPB5_B9|HSPB5,sp|HSPB5_B9|HSPB5,5,16333,1
2327,0.9795,210727_HSPB5_B9_yesUV_T_dim_01.16378.16378.5,xl,2.0400(1.0800+0.9600),0.075,4.306e-003(2.416e-002+9.577e-002),2.2661,/,-.MDIAIHHPBIR.R(9)+R.RPFFPFHSPSR.L(4),sp|HSPB5_B9|HSPB5+sp|HSPB5_B9|HSPB5,1,2826.4328,2.21E+07,16378,3155.5,1920000.0,sp|HSPB5_B9|HSPB5,sp|HSPB5_B9|HSPB5,5,16378,1
2333,1.0,210727_HSPB5_B9_yesUV_T_dim_01.16420.16420.4,xl,3.2150(1.7400+1.4750),0.02,1.885e-008(9.897e-008+7.000e-005),0.3198,/,R.APSWFDTGLSEMR.L(3)+-.MDIAIHHPBIR.R(9),sp|HSPB5_B9|HSPB5+sp|HSPB5_B9|HSPB5,1,2948.4101,7.18E+07,16420,3159.8,2420000.0,sp|HSPB5_B9|HSPB5,sp|HSPB5_B9|HSPB5,4,16420,1
2340,1.0,210727_HSPB5_B9_yesUV_T_dim_01.16435.16435.5,xl,3.8700(2.1525+1.7175),0.085,1.234e-005(1.984e-008+6.198e-006),0.03,/,-.MDIAIHHPBIR.R(1)+-.MDIAIHHPBIR.R(9),sp|HSPB5_B9|HSPB5+sp|HSPB5_B9|HSPB5,1,2905.4671,6.93E+07,16435,3161.1,6060000.0,sp|HSPB5_B9|HSPB5,sp|HSPB5_B9|HSPB5,5,16435,1
2367,0.9993,210727_HSPB5_B9_yesUV_T_dim_01.16546.16546.4,xl,2.8700(1.4475+1.4225),0.115,1.201e-006(5.989e-006+4.331e-005),0.575,/,R.APSWFDTGLSEMR.L(3)+-.MDIAIHHPBIR.R(9),sp|HSPB5_B9|HSPB5+sp|HSPB5_B9|HSPB5,1,2948.4101,6.93E+07,16546,3173.1,3480000.0,sp|HSPB5_B9|HSPB5,sp|HSPB5_B9|HSPB5,4,16546,1
2372,0.999,210727_HSPB5_B9_yesUV_T_dim_01.16566.16566.5,xl,2.5150(1.8650+0.6500),0.07,3.212e-004(3.286e-006+2.140e+001),-0.0762,/,R.APSWFDTGLSEMR.L(4)+-.MDIAIHHPBIR.R(9),sp|HSPB5_B9|HSPB5+sp|HSPB5_B9|HSPB5,1,2948.4101,1.34E+06,16566,3175.0,1340000.0,sp|HSPB5_B9|HSPB5,sp|HSPB5_B9|HSPB5,5,16566,1
2379,0.9947,210727_HSPB5_B9_yesUV_T_dim_01.16599.16599.4,xl,3.1900(1.5225+1.6675),0.03,2.443e-005(1.139e-004+1.881e-005),-0.6708,/,-.MDIAIHHPBIR.R(1)+-.MDIAIHHPBIR.R(9),sp|HSPB5_B9|HSPB5+sp|HSPB5_B9|HSPB5,1,2905.4671,3.41E+07,16599,3178.8,2060000.0,sp|HSPB5_B9|HSPB5,sp|HSPB5_B9|HSPB5,4,16599,1
2397,1.0,210727_HSPB5_B9_yesUV_T_dim_01.16666.16666.5,xl,3.2950(1.9550+1.3400),0.025,5.236e-007(7.531e-006+7.805e-003),0.0513,/,R.APSWFDTGLSEMR.L(5)+-.MDIAIHHPBIR.R(9),sp|HSPB5_B9|HSPB5+sp|HSPB5_B9|HSPB5,1,2948.4101,1.10E+08,16666,3186.2,4270000.0,sp|HSPB5_B9|HSPB5,sp|HSPB5_B9|HSPB5,5,16666,1
2415,1.0,210727_HSPB5_B9_yesUV_T_dim_01.16711.16711.4,xl,3.7950(1.7425+2.0525),0.07,1.472e-010(2.151e-006+3.907e-009),0.5763,/,R.APSWFDTGLSEMR.L(5)+-.MDIAIHHPBIR.R(9),sp|HSPB5_B9|HSPB5+sp|HSPB5_B9|HSPB5,1,2948.4101,6.39E+07,16711,3191.9,3480000.0,sp|HSPB5_B9|HSPB5,sp|HSPB5_B9|HSPB5,4,16711,1
2461,0.9839,210727_HSPB5_B9_yesUV_T_dim_01.16911.16911.5,xl,2.2050(1.6700+0.5350),0.005,3.745e-003(1.436e-004+9.577e+001),-0.951,/,R.APSWFDTGLSEMR.L(5)+R.RIBPHHIAIDM.-(3),sp|HSPB5_B9|HSPB5+DECOY2,2,2948.4101,2.55E+08,16911,3221.9,13400000.0,sp|HSPB5_B9|HSPB5,DECOY2,5,16911,1
2463,0.9786,210727_HSPB5_B9_yesUV_T_dim_01.16915.16915.5,xl,2.2300(1.4550+0.7750),0.02,5.544e-003(6.021e-004+3.576e+000),2.1025,/,R.APSWFDTGLSEMR.L(5)+-.MDIAIHHPBIR.R(9),sp|HSPB5_B9|HSPB5+sp|HSPB5_B9|HSPB5,1,2948.4101,2.55E+08,16915,3222.7,13400000.0,sp|HSPB5_B9|HSPB5,sp|HSPB5_B9|HSPB5,5,16915,1
2471,1.0,210727_HSPB5_B9_yesUV_T_dim_01.16947.16947.4,xl,3.4850(1.5800+1.9050),0.045,2.806e-009(1.311e-005+1.680e-007),-0.1816,/,R.APSWFDTGLSEMR.L(4)+-.MDIAIHHPBIR.R(9),sp|HSPB5_B9|HSPB5+sp|HSPB5_B9|HSPB5,1,2948.4101,1.83E+08,16947,3229.7,11800000.0,sp|HSPB5_B9|HSPB5,sp|HSPB5_B9|HSPB5,4,16947,1
2475,0.9995,210727_HSPB5_B9_yesUV_T_dim_01.16968.16968.5,xl,2.8600(1.9125+0.9475),0.045,1.465e-004(5.426e-005+1.481e+000),-0.9323,/,R.APSWFDTGLSEMR.L(4)+-.MDIAIHHPBIR.R(9),sp|HSPB5_B9|HSPB5+sp|HSPB5_B9|HSPB5,1,2948.4101,2.51E+08,16968,3234.1,13400000.0,sp|HSPB5_B9|HSPB5,sp|HSPB5_B9|HSPB5,5,16968,1
2491,0.987,210727_HSPB5_B9_yesUV_T_dim_01.17057.17057.5,xl,2.5350(1.7550+0.7800),0.1,1.962e-003(8.978e-005+8.336e+000),2.3221,/,R.APSWFDTGLSEMR.L(5)+-.MDIAIHHPBIR.R(9),sp|HSPB5_B9|HSPB5+sp|HSPB5_B9|HSPB5,1,2948.4101,3.31E+08,17057,3252.8,12500000.0,sp|HSPB5_B9|HSPB5,sp|HSPB5_B9|HSPB5,5,17057,1
2492,0.9999,210727_HSPB5_B9_yesUV_T_dim_01.17060.17060.5,xl,2.8050(1.8200+0.9850),0.005,7.202e-005(3.450e-004+2.109e-001),0.0716,/,R.APSWFDTGLSEMR.L(4)+-.MDIAIHHPBIR.R(9),sp|HSPB5_B9|HSPB5+sp|HSPB5_B9|HSPB5,1,2948.4101,3.31E+08,17060,3253.6,12500000.0,sp|HSPB5_B9|HSPB5,sp|HSPB5_B9|HSPB5,5,17060,1
2496,1.0,210727_HSPB5_B9_yesUV_T_dim_01.17077.17077.4,xl,3.9850(1.9300+2.0550),0.01,4.203e-009(6.406e-008+4.471e-008),-0.2849,/,R.APSWFDTGLSEMR.L(4)+-.MDIAIHHPBIR.R(9),sp|HSPB5_B9|HSPB5+sp|HSPB5_B9|HSPB5,1,2948.4101,4.22E+08,17077,3256.7,16400000.0,sp|HSPB5_B9|HSPB5,sp|HSPB5_B9|HSPB5,4,17077,1
2499,0.9991,210727_HSPB5_B9_yesUV_T_dim_01.17092.17092.5,xl,2.7750(1.8850+0.8900),0.155,2.202e-004(4.930e-006+3.295e+000),-0.8722,/,R.APSWFDTGLSEMR.L(5)+-.MDIAIHHPBIR.R(9),sp|HSPB5_B9|HSPB5+sp|HSPB5_B9|HSPB5,1,2948.4101,3.31E+08,17092,3259.9,12500000.0,sp|HSPB5_B9|HSPB5,sp|HSPB5_B9|HSPB5,5,17092,1
2501,1.0,210727_HSPB5_B9_yesUV_T_dim_01.17097.17097.4,xl,3.4800(1.7400+1.7400),0.085,2.583e-009(7.108e-006+3.068e-007),-0.3337,/,R.APSWFDTGLSEMR.L(1)+-.MDIAIHHPBIR.R(9),sp|HSPB5_B9|HSPB5+sp|HSPB5_B9|HSPB5,1,2948.4101,4.22E+08,17097,3261.1,16400000.0,sp|HSPB5_B9|HSPB5,sp|HSPB5_B9|HSPB5,4,17097,1
2506,1.0,210727_HSPB5_B9_yesUV_T_dim_01.17110.17110.4,xl,3.0000(1.8400+1.1600),0.02,3.739e-007(4.320e-007+1.781e-002),-0.3504,/,R.APSWFDTGLSEMR.L(4)+-.MDIAIHHPBIR.R(9),sp|HSPB5_B9|HSPB5+sp|HSPB5_B9|HSPB5,1,2948.4101,4.24E+08,17110,3262.8,16400000.0,sp|HSPB5_B9|HSPB5,sp|HSPB5_B9|HSPB5,4,17110,1
2534,0.996,210727_HSPB5_B9_yesUV_T_dim_01.17211.17211.4,xl,1.7550(0.6050+1.1500),0.005,6.372e-004(3.485e+000+4.593e-004),-0.1828,/,R.APSWFDTGLSEMRLEK.D(4)+-.MDIAIHHPBIR.R(9),sp|HSPB5_B9|HSPB5+sp|HSPB5_B9|HSPB5,1,3318.6317,7.35E+07,17211,3280.6,6120000.0,sp|HSPB5_B9|HSPB5,sp|HSPB5_B9|HSPB5,4,17211,1
2540,0.9995,210727_HSPB5_B9_yesUV_T_dim_01.17225.17225.5,xl,2.9050(1.9125+0.9925),0.17,1.613e-004(3.666e-005+6.260e-001),-0.7999,/,R.APSWFDTGLSEMR.L(5)+-.MDIAIHHPBIR.R(9),sp|HSPB5_B9|HSPB5+sp|HSPB5_B9|HSPB5,1,2948.4101,3.67E+08,17225,3283.2,19400000.0,sp|HSPB5_B9|HSPB5,sp|HSPB5_B9|HSPB5,5,17225,1
2545,0.9971,210727_HSPB5_B9_yesUV_T_dim_01.17231.17231.4,xl,1.6050(0.5500+1.0550),0.005,4.039e-004(6.499e+000+1.603e-003),1.089,/,R.APSWFDTGLSEMRLEK.D(4)+-.MDIAIHHPBIR.R(9),sp|HSPB5_B9|HSPB5+sp|HSPB5_B9|HSPB5,1,3318.6317,7.73E+07,17231,3283.7,6120000.0,sp|HSPB5_B9|HSPB5,sp|HSPB5_B9|HSPB5,4,17231,1
2548,0.9968,210727_HSPB5_B9_yesUV_T_dim_01.17239.17239.4,xl,2.1650(0.7800+1.3850),0.005,1.739e-004(9.112e-001+3.112e-004),0.9045,/,R.APSWFDTGLSEMRLEK.D(4)+-.MDIAIHHPBIR.R(9),sp|HSPB5_B9|HSPB5+sp|HSPB5_B9|HSPB5,1,3318.6317,7.73E+07,17239,3285.0,6120000.0,sp|HSPB5_B9|HSPB5,sp|HSPB5_B9|HSPB5,4,17239,1
2557,0.9984,210727_HSPB5_B9_yesUV_T_dim_01.17260.17260.3,xl,1.9650(0.6100+1.3550),0.06,4.050e-005(5.348e+000+1.134e-004),1.9057,/,R.APSWFDTGLSEMR.L(3)+-.MDIAIHHPBIR.R(9),sp|HSPB5_B9|HSPB5+sp|HSPB5_B9|HSPB5,1,2948.4101,2.50E+07,17260,3288.8,3660000.0,sp|HSPB5_B9|HSPB5,sp|HSPB5_B9|HSPB5,3,17260,1
2561,1.0,210727_HSPB5_B9_yesUV_T_dim_01.17275.17275.4,xl,3.8850(2.0075+1.8775),0.07,1.341e-008(1.021e-008+2.473e-006),-0.2373,/,R.APSWFDTGLSEMR.L(5)+-.MDIAIHHPBIR.R(9),sp|HSPB5_B9|HSPB5+sp|HSPB5_B9|HSPB5,1,2948.4101,7.18E+08,17275,3291.3,14200000.0,sp|HSPB5_B9|HSPB5,sp|HSPB5_B9|HSPB5,4,17275,1
2564,0.983,210727_HSPB5_B9_yesUV_T_dim_01.17283.17283.5,xl,3.0500(1.7925+1.2575),0.0,3.240e-005(1.454e-005+7.007e-003),1.1469,/,-.MDIAIHHPBIR.R(1)+-.MDIAIHHPBIR.R(9),sp|HSPB5_B9|HSPB5+sp|HSPB5_B9|HSPB5,1,2905.4671,5.97E+07,17283,3292.8,4000000.0,sp|HSPB5_B9|HSPB5,sp|HSPB5_B9|HSPB5,5,17283,1
2584,0.8038,210727_HSPB5_B9_yesUV_T_dim_01.17367.17367.3,xl,1.1950(0.4500+0.7450),0.005,4.103e-003(3.185e+000+9.153e-004),2.3679,/,R.APSWFDTGLSEMR.L(4)+-.MDIAIHHPBIR.R(9),sp|HSPB5_B9|HSPB5+sp|HSPB5_B9|HSPB5,1,2948.4101,4.92E+05,17367,3306.3,492000.0,sp|HSPB5_B9|HSPB5,sp|HSPB5_B9|HSPB5,3,17367,1
2590,0.9987,210727_HSPB5_B9_yesUV_T_dim_01.17384.17384.3,xl,2.1100(0.6725+1.4375),0.07,4.325e-005(7.051e-001+3.649e-006),0.7422,/,R.APSWFDTGLSEMR.L(4)+-.MDIAIHHPBIR.R(9),sp|HSPB5_B9|HSPB5+sp|HSPB5_B9|HSPB5,1,2948.4101,1.47E+07,17384,3308.9,2190000.0,sp|HSPB5_B9|HSPB5,sp|HSPB5_B9|HSPB5,3,17384,1
2595,0.9389,210727_HSPB5_B9_yesUV_T_dim_01.17400.17400.5,xl,2.5800(1.5525+1.0275),0.1,3.075e-003(2.456e-004+1.250e-001),0.3682,/,-.MDIAIHHPBIR.R(1)+-.MDIAIHHPBIR.R(9),sp|HSPB5_B9|HSPB5+sp|HSPB5_B9|HSPB5,1,2905.4671,3.59E+07,17400,3311.2,2810000.0,sp|HSPB5_B9|HSPB5,sp|HSPB5_B9|HSPB5,5,17400,1
2604,0.9966,210727_HSPB5_B9_yesUV_T_dim_01.17419.17419.4,xl,2.3200(0.7950+1.5250),0.075,1.631e-004(3.848e-001+3.387e-005),1.0266,/,R.APSWFDTGLSEMRLEK.D(5)+-.MDIAIHHPBIR.R(9),sp|HSPB5_B9|HSPB5+sp|HSPB5_B9|HSPB5,1,3318.6317,6.39E+07,17419,3313.7,5910000.0,sp|HSPB5_B9|HSPB5,sp|HSPB5_B9|HSPB5,4,17419,1
2618,1.0,210727_HSPB5_B9_yesUV_T_dim_01.17447.17447.5,xl,3.2350(2.0050+1.2300),0.06,7.509e-006(3.385e-005+1.297e-001),-0.9386,/,R.APSWFDTGLSEMR.L(5)+-.MDIAIHHPBIR.R(9),sp|HSPB5_B9|HSPB5+sp|HSPB5_B9|HSPB5,1,2948.4101,2.89E+08,17447,3317.4,10400000.0,sp|HSPB5_B9|HSPB5,sp|HSPB5_B9|HSPB5,5,17447,1
2619,0.9887,210727_HSPB5_B9_yesUV_T_dim_01.17451.17451.5,xl,1.9550(1.0950+0.8600),0.05,4.029e-003(2.050e-002+3.526e-001),0.9226,/,R.APSWFDTGLSEMRLEK.D(10)+-.MDIAIHHPBIR.R(9),sp|HSPB5_B9|HSPB5+sp|HSPB5_B9|HSPB5,1,3318.6317,2.28E+08,17451,3317.8,10100000.0,sp|HSPB5_B9|HSPB5,sp|HSPB5_B9|HSPB5,5,17451,1
2639,0.9854,210727_HSPB5_B9_yesUV_T_dim_01.17497.17497.5,xl,2.7950(1.5925+1.2025),0.08,3.436e-004(4.798e-005+6.282e-003),-0.3803,/,-.MDIAIHHPBIR.R(1)+-.MDIAIHHPBIR.R(9),sp|HSPB5_B9|HSPB5+sp|HSPB5_B9|HSPB5,1,2905.4671,3.05E+07,17497,3324.0,1550000.0,sp|HSPB5_B9|HSPB5,sp|HSPB5_B9|HSPB5,5,17497,1
2642,1.0,210727_HSPB5_B9_yesUV_T_dim_01.17505.17505.3,xl,2.1700(0.6950+1.4750),0.075,3.754e-006(1.836e-001+5.982e-006),0.838,/,R.APSWFDTGLSEMR.L(3)+-.MDIAIHHPBIR.R(9),sp|HSPB5_B9|HSPB5+sp|HSPB5_B9|HSPB5,1,2948.4101,2.65E+07,17505,3324.9,1810000.0,sp|HSPB5_B9|HSPB5,sp|HSPB5_B9|HSPB5,3,17505,1
2645,1.0,210727_HSPB5_B9_yesUV_T_dim_01.17515.17515.4,xl,3.6300(1.7425+1.8875),0.06,4.062e-007(6.180e-007+8.528e-007),0.0041,/,R.APSWFDTGLSEMR.L(5)+-.MDIAIHHPBIR.R(9),sp|HSPB5_B9|HSPB5+sp|HSPB5_B9|HSPB5,1,2948.4101,4.43E+08,17515,3326.0,12400000.0,sp|HSPB5_B9|HSPB5,sp|HSPB5_B9|HSPB5,4,17515,1
2685,1.0,210727_HSPB5_B9_yesUV_T_dim_01.17665.17665.4,xl,3.6850(1.7400+1.9450),0.045,3.762e-007(2.983e-005+1.130e-007),1.2847,/,R.APSWFDTGLSEMRLEK.D(10)+-.MDIAIHHPBIR.R(9),sp|HSPB5_B9|HSPB5+sp|HSPB5_B9|HSPB5,1,3318.6317,7.40E+07,17665,3344.3,5230000.0,sp|HSPB5_B9|HSPB5,sp|HSPB5_B9|HSPB5,4,17665,1
2692,0.932,210727_HSPB5_B9_yesUV_T_dim_01.17698.17698.3,xl,1.4500(0.4775+0.9725),0.09,4.668e-004(2.759e+000+8.649e-004),1.1383,/,R.APSWFDTGLSEMR.L(6)+-.MDIAIHHPBIR.R(9),sp|HSPB5_B9|HSPB5+sp|HSPB5_B9|HSPB5,1,2948.4101,1.66E+08,17698,3347.8,9280000.0,sp|HSPB5_B9|HSPB5,sp|HSPB5_B9|HSPB5,3,17698,1
2695,1.0,210727_HSPB5_B9_yesUV_T_dim_01.17706.17706.5,xl,3.9100(1.9600+1.9500),0.01,2.413e-006(1.802e-006+5.076e-006),0.7314,/,R.APSWFDTGLSEMRLEK.D(13)+-.MDIAIHHPBIR.R(9),sp|HSPB5_B9|HSPB5+sp|HSPB5_B9|HSPB5,1,3318.6317,8.66E+08,17706,3348.5,22400000.0,sp|HSPB5_B9|HSPB5,sp|HSPB5_B9|HSPB5,5,17706,1
2698,1.0,210727_HSPB5_B9_yesUV_T_dim_01.17722.17722.5,xl,3.2100(1.6875+1.5225),0.005,8.680e-006(1.361e-003+1.648e-002),-0.4729,/,R.APSWFDTGLSEMR.L(4)+-.MDIAIHHPBIR.R(9),sp|HSPB5_B9|HSPB5+sp|HSPB5_B9|HSPB5,1,2948.4101,1.80E+09,17722,3350.2,107000000.0,sp|HSPB5_B9|HSPB5,sp|HSPB5_B9|HSPB5,5,17722,1
2705,0.92,210727_HSPB5_B9_yesUV_T_dim_01.17744.17744.6,xl,2.5400(1.5550+0.9850),0.005,3.046e-003(5.482e-003+9.332e-001),0.0235,/,R.APSWFDTGLSEMRLEK.D(12)+-.MDIAIHHPBIR.R(9),sp|HSPB5_B9|HSPB5+sp|HSPB5_B9|HSPB5,1,3318.6317,9.23E+07,17744,3352.8,3920000.0,sp|HSPB5_B9|HSPB5,sp|HSPB5_B9|HSPB5,6,17744,1
2714,1.0,210727_HSPB5_B9_yesUV_T_dim_01.17778.17778.4,xl,3.6850(1.7225+1.9625),0.035,1.767e-007(7.900e-006+3.263e-007),0.3751,/,R.APSWFDTGLSEMR.L(7)+-.MDIAIHHPBIR.R(9),sp|HSPB5_B9|HSPB5+sp|HSPB5_B9|HSPB5,1,2948.4101,1.53E+09,17778,3356.5,94200000.0,sp|HSPB5_B9|HSPB5,sp|HSPB5_B9|HSPB5,4,17778,1
2750,0.9974,210727_HSPB5_B9_yesUV_T_dim_01.17929.17929.4,xl,3.3250(1.7050+1.6200),0.105,2.233e-006(3.734e-005+5.676e-005),1.4563,/,R.APSWFDTGLSEMRLEK.D(10)+-.MDIAIHHPBIR.R(9),sp|HSPB5_B9|HSPB5+sp|HSPB5_B9|HSPB5,1,3318.6317,4.33E+08,17929,3374.8,9910000.0,sp|HSPB5_B9|HSPB5,sp|HSPB5_B9|HSPB5,4,17929,1
2759,1.0,210727_HSPB5_B9_yesUV_T_dim_01.17958.17958.3,xl,3.5050(1.3975+2.1075),0.04,5.995e-009(1.120e-003+2.739e-008),-1.423,/,R.APSWFDTGLSEMR.L(11)+-.MDIAIHHPBIR.R(9),sp|HSPB5_B9|HSPB5+sp|HSPB5_B9|HSPB5,1,2948.4101,2.10E+08,17958,3378.1,11900000.0,sp|HSPB5_B9|HSPB5,sp|HSPB5_B9|HSPB5,3,17958,1
2762,1.0,210727_HSPB5_B9_yesUV_T_dim_01.17967.17967.5,xl,3.4450(1.9400+1.5050),0.015,6.704e-006(2.032e-006+6.482e-004),1.021,/,R.APSWFDTGLSEMRLEK.D(9)+-.MDIAIHHPBIR.R(9),sp|HSPB5_B9|HSPB5+sp|HSPB5_B9|HSPB5,1,3318.6317,1.71E+08,17967,3379.1,10800000.0,sp|HSPB5_B9|HSPB5,sp|HSPB5_B9|HSPB5,5,17967,1
2766,0.9999,210727_HSPB5_B9_yesUV_T_dim_01.17983.17983.5,xl,3.0450(1.6125+1.4325),0.045,7.143e-005(3.178e-003+1.019e-002),-0.5792,/,R.APSWFDTGLSEMR.L(11)+-.MDIAIHHPBIR.R(9),sp|HSPB5_B9|HSPB5+sp|HSPB5_B9|HSPB5,1,2948.4101,4.99E+09,17983,3380.8,132000000.0,sp|HSPB5_B9|HSPB5,sp|HSPB5_B9|HSPB5,5,17983,1
2783,0.9988,210727_HSPB5_B9_yesUV_T_dim_01.18038.18038.4,xl,3.2950(1.6900+1.6050),0.065,1.667e-006(2.051e-006+1.044e-004),0.1516,/,R.APSWFDTGLSEMR.L(12)+-.MDIAIHHPBIR.R(9),sp|HSPB5_B9|HSPB5+sp|HSPB5_B9|HSPB5,1,2948.4101,2.36E+09,18038,3386.8,100000000.0,sp|HSPB5_B9|HSPB5,sp|HSPB5_B9|HSPB5,4,18038,1
2785,0.9889,210727_HSPB5_B9_yesUV_T_dim_01.18047.18047.4,xl,1.8550(1.1925+0.6625),0.005,1.494e-003(4.444e-003+2.320e+000),0.2586,/,-.MDIAIHHPBIR.R(4)+-.MDIAIHHPBIR.R(9),sp|HSPB5_B9|HSPB5+sp|HSPB5_B9|HSPB5,1,2905.4671,3.79E+06,18047,3387.8,518000.0,sp|HSPB5_B9|HSPB5,sp|HSPB5_B9|HSPB5,4,18047,1
2807,0.8904,210727_HSPB5_B9_yesUV_T_dim_01.18120.18120.6,xl,1.3550(0.8750+0.4800),0.005,5.562e-001(1.064e+000+3.412e+001),0.5419,/,R.APSWFDTGLSEMRLEK.D(11)+-.MDIAIHHPBIR.R(9),sp|HSPB5_B9|HSPB5+sp|HSPB5_B9|HSPB5,1,3318.6317,1.56E+07,18120,3395.8,1580000.0,sp|HSPB5_B9|HSPB5,sp|HSPB5_B9|HSPB5,6,18120,1
2823,0.9595,210727_HSPB5_B9_yesUV_T_dim_01.18213.18213.4,xl,2.6600(1.2000+1.4600),0.2,2.782e-005(2.742e-003+7.384e-005),-1.9986,/,R.APSWFDTGLSEMRLEK.D(5)+-.MDIAIHHPBIR.R(9),sp|HSPB5_B9|HSPB5+sp|HSPB5_B9|HSPB5,1,3318.6317,1.73E+08,18213,3405.3,6160000.0,sp|HSPB5_B9|HSPB5,sp|HSPB5_B9|HSPB5,4,18213,1
2826,1.0,210727_HSPB5_B9_yesUV_T_dim_01.18248.18248.3,xl,2.7350(0.9075+1.8275),0.005,4.012e-008(1.571e-001+2.014e-006),-1.2742,/,R.APSWFDTGLSEMR.L(7)+-.MDIAIHHPBIR.R(9),sp|HSPB5_B9|HSPB5+sp|HSPB5_B9|HSPB5,1,2948.4101,4.74E+07,18248,3409.0,4230000.0,sp|HSPB5_B9|HSPB5,sp|HSPB5_B9|HSPB5,3,18248,1
2829,1.0,210727_HSPB5_B9_yesUV_T_dim_01.18261.18261.5,xl,3.6100(2.0400+1.5700),0.035,1.366e-006(4.841e-006+9.160e-006),1.263,/,R.APSWFDTGLSEMRLEK.D(12)+-.MDIAIHHPBIR.R(9),sp|HSPB5_B9|HSPB5+sp|HSPB5_B9|HSPB5,1,3318.6317,5.85E+07,18261,3410.2,8530000.0,sp|HSPB5_B9|HSPB5,sp|HSPB5_B9|HSPB5,5,18261,1
2832,0.9999,210727_HSPB5_B9_yesUV_T_dim_01.18270.18270.5,xl,3.0950(1.6350+1.4600),0.08,9.592e-005(4.696e-004+6.399e-003),0.0251,/,R.APSWFDTGLSEMR.L(8)+-.MDIAIHHPBIR.R(9),sp|HSPB5_B9|HSPB5+sp|HSPB5_B9|HSPB5,1,2948.4101,4.99E+09,18270,3411.3,132000000.0,sp|HSPB5_B9|HSPB5,sp|HSPB5_B9|HSPB5,5,18270,1
2842,0.9846,210727_HSPB5_B9_yesUV_T_dim_01.18318.18318.4,xl,1.9500(1.8350+0.1150),1.795,3.161e-005(1.598e-008+2.316e+003),-1.0758,/,-.MDIAIHHPBIR.R(9)+K.VNMLEQYDR.L(1),sp|HSPB5_B9|HSPB5+DECOY9,2,2619.2725,2.27E+07,18318,3415.8,1210000.0,sp|HSPB5_B9|HSPB5,DECOY9,4,18318,1
2845,0.9999,210727_HSPB5_B9_yesUV_T_dim_01.18346.18346.4,xl,3.5400(1.6275+1.9125),0.05,4.127e-007(8.135e-006+3.153e-006),0.5954,/,R.APSWFDTGLSEMR.L(7)+-.MDIAIHHPBIR.R(9),sp|HSPB5_B9|HSPB5+sp|HSPB5_B9|HSPB5,1,2948.4101,1.09E+08,18346,3418.0,11800000.0,sp|HSPB5_B9|HSPB5,sp|HSPB5_B9|HSPB5,4,18346,1
2862,0.9969,210727_HSPB5_B9_yesUV_T_dim_01.18424.18424.5,xl,2.9600(1.5850+1.3750),0.05,5.434e-004(5.540e-003+5.896e-002),1.8955,/,R.APSWFDTGLSEMR.L(8)+-.MDIAIHHPBIR.R(9),sp|HSPB5_B9|HSPB5+sp|HSPB5_B9|HSPB5,1,2948.4101,7.85E+08,18424,3425.9,43900000.0,sp|HSPB5_B9|HSPB5,sp|HSPB5_B9|HSPB5,5,18424,1
2864,0.9857,210727_HSPB5_B9_yesUV_T_dim_01.18429.18429.5,xl,2.7500(1.2925+1.4575),0.015,2.916e-003(3.195e-002+1.178e-003),2.1025,/,R.APSWFDTGLSEMR.L(8)+-.MDIAIHHPBIR.R(9),sp|HSPB5_B9|HSPB5+sp|HSPB5_B9|HSPB5,1,2948.4101,7.85E+08,18429,3426.4,43900000.0,sp|HSPB5_B9|HSPB5,sp|HSPB5_B9|HSPB5,5,18429,1
2866,0.9995,210727_HSPB5_B9_yesUV_T_dim_01.18431.18431.3,xl,2.1700(0.7700+1.4000),0.005,2.502e-005(4.843e-001+1.407e-005),1.8243,/,R.APSWFDTGLSEMR.L(8)+-.MDIAIHHPBIR.R(9),sp|HSPB5_B9|HSPB5+sp|HSPB5_B9|HSPB5,1,2948.4101,1.11E+08,18431,3426.7,3870000.0,sp|HSPB5_B9|HSPB5,sp|HSPB5_B9|HSPB5,3,18431,1
2872,0.9819,210727_HSPB5_B9_yesUV_T_dim_01.18454.18454.4,xl,3.2100(1.4375+1.7725),0.005,1.764e-005(2.086e-003+3.493e-005),2.305,/,R.APSWFDTGLSEMR.L(8)+-.MDIAIHHPBIR.R(9),sp|HSPB5_B9|HSPB5+sp|HSPB5_B9|HSPB5,1,2948.4101,3.39E+08,18454,3428.9,26200000.0,sp|HSPB5_B9|HSPB5,sp|HSPB5_B9|HSPB5,4,18454,1
2883,1.0,210727_HSPB5_B9_yesUV_T_dim_01.18491.18491.3,xl,2.5700(0.9025+1.6675),0.075,1.002e-006(8.353e-002+5.430e-007),4.3085,/,R.APSWFDTGLSEMR.L(12)+-.MDIAIHHPBIR.R(9),sp|HSPB5_B9|HSPB5+sp|HSPB5_B9|HSPB5,1,2948.4101,1.34E+08,18491,3433.1,3870000.0,sp|HSPB5_B9|HSPB5,sp|HSPB5_B9|HSPB5,3,18491,1
2899,1.0,210727_HSPB5_B9_yesUV_T_dim_01.18533.18533.5,xl,2.9200(1.4400+1.4800),0.005,1.600e-005(9.450e-004+3.291e-004),0.7331,/,R.APSWFDTGLSEMRLEK.D(13)+-.MDIAIHHPBIR.R(9),sp|HSPB5_B9|HSPB5+sp|HSPB5_B9|HSPB5,1,3318.6317,2.02E+08,18533,3438.1,9080000.0,sp|HSPB5_B9|HSPB5,sp|HSPB5_B9|HSPB5,5,18533,1
2901,1.0,210727_HSPB5_B9_yesUV_T_dim_01.18535.18535.4,xl,3.4700(1.6600+1.8100),0.005,8.705e-009(2.944e-006+1.999e-007),1.3983,/,R.APSWFDTGLSEMRLEK.D(11)+-.MDIAIHHPBIR.R(9),sp|HSPB5_B9|HSPB5+sp|HSPB5_B9|HSPB5,1,3318.6317,9.66E+07,18535,3438.5,4940000.0,sp|HSPB5_B9|HSPB5,sp|HSPB5_B9|HSPB5,4,18535,1
2908,0.9832,210727_HSPB5_B9_yesUV_T_dim_01.18554.18554.4,xl,3.2150(1.3550+1.8600),0.045,3.740e-005(3.805e-003+8.941e-006),2.3878,/,R.APSWFDTGLSEMR.L(8)+-.MDIAIHHPBIR.R(9),sp|HSPB5_B9|HSPB5+sp|HSPB5_B9|HSPB5,1,2948.4101,3.24E+08,18554,3440.3,26300000.0,sp|HSPB5_B9|HSPB5,sp|HSPB5_B9|HSPB5,4,18554,1
2917,0.9906,210727_HSPB5_B9_yesUV_T_dim_01.18589.18589.4,xl,2.4600(1.0300+1.4300),0.01,3.606e-005(7.557e-002+8.235e-005),1.1828,/,R.APSWFDTGLSEMRLEK.D(7)+-.MDIAIHHPBIR.R(9),sp|HSPB5_B9|HSPB5+sp|HSPB5_B9|HSPB5,1,3318.6317,9.66E+07,18589,3444.7,4940000.0,sp|HSPB5_B9|HSPB5,sp|HSPB5_B9|HSPB5,4,18589,1
2924,0.9957,210727_HSPB5_B9_yesUV_T_dim_01.18612.18612.4,xl,1.6400(0.5750+1.0650),0.005,5.951e-004(9.048e+000+2.973e-003),1.1828,/,R.APSWFDTGLSEMRLEK.D(6)+-.MDIAIHHPBIR.R(9),sp|HSPB5_B9|HSPB5+sp|HSPB5_B9|HSPB5,1,3318.6317,4.97E+05,18612,3447.2,497000.0,sp|HSPB5_B9|HSPB5,sp|HSPB5_B9|HSPB5,4,18612,1
2925,1.0,210727_HSPB5_B9_yesUV_T_dim_01.18613.18613.3,xl,2.7000(1.2250+1.4750),0.105,4.217e-007(7.665e-005+2.605e-005),5.3021,/,R.APSWFDTGLSEMR.L(12)+-.MDIAIHHPBIR.R(9),sp|HSPB5_B9|HSPB5+sp|HSPB5_B9|HSPB5,1,2948.4101,1.55E+08,18613,3447.3,3870000.0,sp|HSPB5_B9|HSPB5,sp|HSPB5_B9|HSPB5,3,18613,1
2936,0.9999,210727_HSPB5_B9_yesUV_T_dim_01.18634.18634.3,xl,2.3150(0.7325+1.5825),0.005,1.039e-005(2.928e-001+1.571e-006),1.5545,/,R.APSWFDTGLSEMR.L(8)+-.MDIAIHHPBIR.R(9),sp|HSPB5_B9|HSPB5+sp|HSPB5_B9|HSPB5,1,2948.4101,1.54E+08,18634,3450.4,3870000.0,sp|HSPB5_B9|HSPB5,sp|HSPB5_B9|HSPB5,3,18634,1
2948,0.9986,210727_HSPB5_B9_yesUV_T_dim_01.18682.18682.5,xl,2.8500(1.2525+1.5975),0.01,2.712e-004(3.585e-002+2.290e-003),2.1025,/,R.APSWFDTGLSEMR.L(10)+-.MDIAIHHPBIR.R(9),sp|HSPB5_B9|HSPB5+sp|HSPB5_B9|HSPB5,1,2948.4101,2.15E+09,18682,3457.2,50300000.0,sp|HSPB5_B9|HSPB5,sp|HSPB5_B9|HSPB5,5,18682,1
2951,0.9872,210727_HSPB5_B9_yesUV_T_dim_01.18686.18686.5,xl,2.8400(1.3000+1.5400),0.01,1.386e-003(3.217e-002+2.323e-002),2.5788,/,R.APSWFDTGLSEMR.L(10)+-.MDIAIHHPBIR.R(9),sp|HSPB5_B9|HSPB5+sp|HSPB5_B9|HSPB5,1,2948.4101,2.15E+09,18686,3457.7,50300000.0,sp|HSPB5_B9|HSPB5,sp|HSPB5_B9|HSPB5,5,18686,1
2954,1.0,210727_HSPB5_B9_yesUV_T_dim_01.18692.18692.3,xl,2.7050(1.0775+1.6275),0.005,2.056e-007(3.239e-003+1.724e-006),3.4176,/,R.APSWFDTGLSEMR.L(8)+-.MDIAIHHPBIR.R(9),sp|HSPB5_B9|HSPB5+sp|HSPB5_B9|HSPB5,1,2948.4101,1.47E+08,18692,3458.5,3870000.0,sp|HSPB5_B9|HSPB5,sp|HSPB5_B9|HSPB5,3,18692,1
2963,1.0,210727_HSPB5_B9_yesUV_T_dim_01.18720.18720.5,xl,3.1350(1.7650+1.3700),0.045,1.019e-006(9.187e-006+2.695e-003),1.2097,/,R.APSWFDTGLSEMRLEK.D(13)+-.MDIAIHHPBIR.R(9),sp|HSPB5_B9|HSPB5+sp|HSPB5_B9|HSPB5,1,3318.6317,1.40E+08,18720,3461.7,5590000.0,sp|HSPB5_B9|HSPB5,sp|HSPB5_B9|HSPB5,5,18720,1
2987,1.0,210727_HSPB5_B9_yesUV_T_dim_01.18803.18803.4,xl,3.2950(1.5850+1.7100),0.005,1.151e-007(2.174e-005+6.249e-006),1.167,/,R.APSWFDTGLSEMRLEK.D(10)+-.MDIAIHHPBIR.R(9),sp|HSPB5_B9|HSPB5+sp|HSPB5_B9|HSPB5,1,3318.6317,3.51E+07,18803,3469.7,2900000.0,sp|HSPB5_B9|HSPB5,sp|HSPB5_B9|HSPB5,4,18803,1
3009,0.9909,210727_HSPB5_B9_yesUV_T_dim_01.18884.18884.3,xl,1.9850(0.5475+1.4375),0.005,7.397e-005(7.058e+000+1.199e-005),2.5671,/,R.APSWFDTGLSEMR.L(7)+-.MDIAIHHPBIR.R(9),sp|HSPB5_B9|HSPB5+sp|HSPB5_B9|HSPB5,1,2948.4101,5.94E+06,18884,3477.7,1010000.0,sp|HSPB5_B9|HSPB5,sp|HSPB5_B9|HSPB5,3,18884,1
3010,0.9804,210727_HSPB5_B9_yesUV_T_dim_01.18888.18888.5,xl,1.9350(1.3075+0.6275),0.055,6.358e-003(1.242e-003+4.850e+000),1.7771,/,-.MDIAIHHPBIR.R(1)+-.MDIAIHHPBIR.R(9),sp|HSPB5_B9|HSPB5+sp|HSPB5_B9|HSPB5,1,2905.4671,7.37E+06,18888,3477.9,515000.0,sp|HSPB5_B9|HSPB5,sp|HSPB5_B9|HSPB5,5,18888,1
3014,1.0,210727_HSPB5_B9_yesUV_T_dim_01.18895.18895.5,xl,2.3400(2.0075+0.3325),0.005,3.787e-006(8.404e-007+8.033e+001),-1.3969,/,R.KYRIPADVDPLTITSSLSSDGVLTVNGPR.K(5)+-.MDIAIHHPBIR.R(9),sp|HSPB5_B9|HSPB5+sp|HSPB5_B9|HSPB5,1,4523.3633,1.67E+07,18895,3478.8,1210000.0,sp|HSPB5_B9|HSPB5,sp|HSPB5_B9|HSPB5,5,18895,1
3020,0.9748,210727_HSPB5_B9_yesUV_T_dim_01.18929.18929.6,xl,2.0450(1.4175+0.6275),0.035,8.079e-004(1.344e-004+1.432e+000),0.8165,/,R.KYRIPADVDPLTITSSLSSDGVLTVNGPR.K(19)+-.MDIAIHHPBIR.R(9),sp|HSPB5_B9|HSPB5+sp|HSPB5_B9|HSPB5,1,4523.3633,1.24E+07,18929,3482.0,820000.0,sp|HSPB5_B9|HSPB5,sp|HSPB5_B9|HSPB5,6,18929,1
3029,0.9999,210727_HSPB5_B9_yesUV_T_dim_01.18977.18977.5,xl,2.9450(1.5275+1.4175),0.05,8.674e-005(4.621e-004+1.340e-002),0.0653,/,R.APSWFDTGLSEMR.L(11)+-.MDIAIHHPBIR.R(9),sp|HSPB5_B9|HSPB5+sp|HSPB5_B9|HSPB5,1,2948.4101,3.72E+08,18977,3486.7,10900000.0,sp|HSPB5_B9|HSPB5,sp|HSPB5_B9|HSPB5,5,18977,1
3031,1.0,210727_HSPB5_B9_yesUV_T_dim_01.18992.18992.4,xl,3.4550(1.6250+1.8300),0.015,2.710e-007(1.323e-005+1.588e-006),0.5483,/,R.APSWFDTGLSEMR.L(11)+-.MDIAIHHPBIR.R(9),sp|HSPB5_B9|HSPB5+sp|HSPB5_B9|HSPB5,1,2948.4101,2.91E+08,18992,3488.5,8550000.0,sp|HSPB5_B9|HSPB5,sp|HSPB5_B9|HSPB5,4,18992,1
3033,1.0,210727_HSPB5_B9_yesUV_T_dim_01.19018.19018.5,xl,3.7250(2.2500+1.4750),0.07,4.565e-007(2.694e-008+2.929e-005),1.301,/,R.APSWFDTGLSEMRLEK.D(11)+-.MDIAIHHPBIR.R(9),sp|HSPB5_B9|HSPB5+sp|HSPB5_B9|HSPB5,1,3318.6317,2.78E+08,19018,3491.8,7450000.0,sp|HSPB5_B9|HSPB5,sp|HSPB5_B9|HSPB5,5,19018,1
3053,0.9897,210727_HSPB5_B9_yesUV_T_dim_01.19101.19101.4,xl,2.2800(1.0800+1.2000),0.005,5.087e-005(7.801e-003+6.681e-004),1.8601,/,R.APSWFDTGLSEMRLEK.D(11)+-.MDIAIHHPBIR.R(9),sp|HSPB5_B9|HSPB5+sp|HSPB5_B9|HSPB5,1,3318.6317,1.27E+08,19101,3500.8,3860000.0,sp|HSPB5_B9|HSPB5,sp|HSPB5_B9|HSPB5,4,19101,1
3058,1.0,210727_HSPB5_B9_yesUV_T_dim_01.19119.19119.5,xl,2.9600(2.3100+0.6500),0.235,3.072e-006(2.509e-006+6.422e+000),-1.4585,/,R.KYRIPADVDPLTITSSLSSDGVLTVNGPR.K(1)+-.MDIAIHHPBIR.R(9),sp|HSPB5_B9|HSPB5+sp|HSPB5_B9|HSPB5,1,4523.3633,2.21E+07,19119,3502.9,1330000.0,sp|HSPB5_B9|HSPB5,sp|HSPB5_B9|HSPB5,5,19119,1
3061,0.9397,210727_HSPB5_B9_yesUV_T_dim_01.19132.19132.6,xl,1.4350(1.1000+0.3350),0.005,2.099e-003(2.210e-002+4.760e+001),-0.1154,/,R.IPADVDPLTITSSLSSDGVLTVNGPRK.Q(10)+-.MDIAIHHPBIR.R(9),sp|HSPB5_B9|HSPB5+sp|HSPB5_B9|HSPB5,1,4204.1989,4.22E+06,19132,3503.9,327000.0,sp|HSPB5_B9|HSPB5,sp|HSPB5_B9|HSPB5,6,19132,1
3089,0.9992,210727_HSPB5_B9_yesUV_T_dim_01.19288.19288.4,xl,2.8300(1.1575+1.6725),0.005,1.284e-006(4.747e-003+1.215e-005),0.6164,/,R.APSWFDTGLSEMR.L(5)+-.MDIAIHHPBIR.R(9),sp|HSPB5_B9|HSPB5+sp|HSPB5_B9|HSPB5,1,2948.4101,5.60E+07,19288,3518.9,2950000.0,sp|HSPB5_B9|HSPB5,sp|HSPB5_B9|HSPB5,4,19288,1
3117,0.9156,210727_HSPB5_B9_yesUV_T_dim_01.19415.19415.6,xl,1.7800(1.2800+0.5000),0.12,3.263e-003(3.253e-003+1.660e+001),-0.0616,/,R.IPADVDPLTITSSLSSDGVLTVNGPRK.Q(22)+-.MDIAIHHPBIR.R(9),sp|HSPB5_B9|HSPB5+sp|HSPB5_B9|HSPB5,1,4204.1989,1.30E+07,19415,3532.3,763000.0,sp|HSPB5_B9|HSPB5,sp|HSPB5_B9|HSPB5,6,19415,1
3120,0.9954,210727_HSPB5_B9_yesUV_T_dim_01.19422.19422.6,xl,2.1450(1.5050+0.6400),0.06,2.604e-004(1.044e-004+1.116e+000),0.691,/,R.IPADVDPLTITSSLSSDGVLTVNGPRK.Q(22)+-.MDIAIHHPBIR.R(9),sp|HSPB5_B9|HSPB5+sp|HSPB5_B9|HSPB5,1,4204.1989,1.28E+07,19422,3533.2,763000.0,sp|HSPB5_B9|HSPB5,sp|HSPB5_B9|HSPB5,6,19422,1
3130,0.9701,210727_HSPB5_B9_yesUV_T_dim_01.19464.19464.6,xl,2.0050(1.4050+0.6000),0.09,8.485e-004(1.902e-004+2.547e+000),1.3007,/,R.IPADVDPLTITSSLSSDGVLTVNGPRK.Q(20)+-.MDIAIHHPBIR.R(9),sp|HSPB5_B9|HSPB5+sp|HSPB5_B9|HSPB5,1,4204.1989,1.32E+07,19464,3537.2,763000.0,sp|HSPB5_B9|HSPB5,sp|HSPB5_B9|HSPB5,6,19464,1
3154,0.999,210727_HSPB5_B9_yesUV_T_dim_01.19565.19565.5,xl,2.2500(1.4525+0.7975),0.06,3.342e-004(1.044e-003+7.193e-001),-0.0259,/,R.APSWFDTGLSEMR.L(5)+-.MDIAIHHPBIR.R(9),sp|HSPB5_B9|HSPB5+sp|HSPB5_B9|HSPB5,1,2948.4101,3.83E+07,19565,3547.2,3120000.0,sp|HSPB5_B9|HSPB5,sp|HSPB5_B9|HSPB5,5,19565,1
3158,1.0,210727_HSPB5_B9_yesUV_T_dim_01.19589.19589.5,xl,1.9850(1.7575+0.2275),0.01,5.375e-005(2.022e-007+3.297e+002),1.3121,/,R.IPADVDPLTITSSLSSDGVLTVNGPR.K(19)+-.MDIAIHHPBIR.R(9),sp|HSPB5_B9|HSPB5+sp|HSPB5_B9|HSPB5,1,4076.1039,2.25E+06,19589,3549.9,318000.0,sp|HSPB5_B9|HSPB5,sp|HSPB5_B9|HSPB5,5,19589,1
3161,0.99,210727_HSPB5_B9_yesUV_T_dim_01.19598.19598.5,xl,1.8250(1.4025+0.4225),0.065,4.106e-003(4.398e-003+8.580e+001),0.3066,/,-.MDIAIHHPBIR.R(1)+-.MDIAIHHPBIR.R(9),sp|HSPB5_B9|HSPB5+sp|HSPB5_B9|HSPB5,1,2905.4671,9.97E+06,19598,3550.7,539000.0,sp|HSPB5_B9|HSPB5,sp|HSPB5_B9|HSPB5,5,19598,1
3164,0.9996,210727_HSPB5_B9_yesUV_T_dim_01.19613.19613.5,xl,1.9850(1.5950+0.3900),0.05,9.643e-005(1.044e-004+2.631e+001),-1.4357,/,R.KYRIPADVDPLTITSSLSSDGVLTVNGPR.K(1)+-.MDIAIHHPBIR.R(9),sp|HSPB5_B9|HSPB5+sp|HSPB5_B9|HSPB5,1,4523.3633,1.97E+07,19613,3552.0,1010000.0,sp|HSPB5_B9|HSPB5,sp|HSPB5_B9|HSPB5,5,19613,1
3168,0.9992,210727_HSPB5_B9_yesUV_T_dim_01.19635.19635.5,xl,2.5950(1.4400+1.1550),0.055,2.834e-004(1.281e-002+4.122e-002),-0.0652,/,R.APSWFDTGLSEMR.L(6)+-.MDIAIHHPBIR.R(9),sp|HSPB5_B9|HSPB5+sp|HSPB5_B9|HSPB5,1,2948.4101,3.83E+07,19635,3554.1,3120000.0,sp|HSPB5_B9|HSPB5,sp|HSPB5_B9|HSPB5,5,19635,1
3183,0.9989,210727_HSPB5_B9_yesUV_T_dim_01.19732.19732.6,xl,2.5150(1.9000+0.6150),0.025,1.265e-004(1.642e-004+1.363e+001),0.7854,/,R.KYRIPADVDPLTITSSLSSDGVLTVNGPR.K(20)+-.MDIAIHHPBIR.R(9),sp|HSPB5_B9|HSPB5+sp|HSPB5_B9|HSPB5,1,4523.3633,9.43E+06,19732,3563.8,1350000.0,sp|HSPB5_B9|HSPB5,sp|HSPB5_B9|HSPB5,6,19732,1
3185,1.0,210727_HSPB5_B9_yesUV_T_dim_01.19734.19734.6,xl,2.6650(2.2150+0.4500),0.005,2.176e-008(1.106e-009+1.764e+001),1.399,/,K.YRIPADVDPLTITSSLSSDGVLTVNGPR.K(19)+-.MDIAIHHPBIR.R(9),sp|HSPB5_B9|HSPB5+sp|HSPB5_B9|HSPB5,1,4395.2683,3.88E+06,19734,3564.1,570000.0,sp|HSPB5_B9|HSPB5,sp|HSPB5_B9|HSPB5,6,19734,1
3191,0.9956,210727_HSPB5_B9_yesUV_T_dim_01.19774.19774.6,xl,1.8550(1.4950+0.3600),0.065,2.318e-004(5.343e-005+5.310e+001),1.399,/,K.YRIPADVDPLTITSSLSSDGVLTVNGPR.K(13)+-.MDIAIHHPBIR.R(9),sp|HSPB5_B9|HSPB5+sp|HSPB5_B9|HSPB5,1,4395.2683,3.88E+06,19774,3567.7,570000.0,sp|HSPB5_B9|HSPB5,sp|HSPB5_B9|HSPB5,6,19774,1
3194,0.9906,210727_HSPB5_B9_yesUV_T_dim_01.19794.19794.5,xl,2.3400(1.1475+1.1925),0.025,1.426e-003(1.200e-001+2.434e-002),2.206,/,R.APSWFDTGLSEMR.L(6)+-.MDIAIHHPBIR.R(9),sp|HSPB5_B9|HSPB5+sp|HSPB5_B9|HSPB5,1,2948.4101,2.69E+07,19794,3569.4,2070000.0,sp|HSPB5_B9|HSPB5,sp|HSPB5_B9|HSPB5,5,19794,1
3197,0.9862,210727_HSPB5_B9_yesUV_T_dim_01.19811.19811.6,xl,2.1650(1.5250+0.6400),0.005,5.578e-004(1.258e-003+3.570e+000),-0.0044,/,R.IPADVDPLTITSSLSSDGVLTVNGPRK.Q(20)+-.MDIAIHHPBIR.R(9),sp|HSPB5_B9|HSPB5+sp|HSPB5_B9|HSPB5,1,4204.1989,4.64E+06,19811,3570.9,737000.0,sp|HSPB5_B9|HSPB5,sp|HSPB5_B9|HSPB5,6,19811,1
3204,0.9729,210727_HSPB5_B9_yesUV_T_dim_01.19832.19832.5,xl,1.5100(1.2175+0.2925),0.06,1.954e-002(2.856e-002+3.179e+002),0.2802,/,-.MDIAIHHPBIR.R(1)+-.MDIAIHHPBIR.R(9),sp|HSPB5_B9|HSPB5+sp|HSPB5_B9|HSPB5,1,2905.4671,4.76E+06,19832,3572.9,395000.0,sp|HSPB5_B9|HSPB5,sp|HSPB5_B9|HSPB5,5,19832,1
3219,0.9966,210727_HSPB5_B9_yesUV_T_dim_01.19912.19912.4,xl,2.2000(0.7750+1.4250),0.015,1.333e-004(1.209e+000+2.269e-004),0.2882,/,R.APSWFDTGLSEMR.L(4)+-.MDIAIHHPBIR.R(9),sp|HSPB5_B9|HSPB5+sp|HSPB5_B9|HSPB5,1,2948.4101,1.45E+07,19912,3580.8,1510000.0,sp|HSPB5_B9|HSPB5,sp|HSPB5_B9|HSPB5,4,19912,1
3221,1.0,210727_HSPB5_B9_yesUV_T_dim_01.19915.19915.6,xl,3.3700(2.7500+0.6200),0.065,7.330e-009(1.141e-010+7.817e+000),0.7468,/,K.YRIPADVDPLTITSSLSSDGVLTVNGPR.K(10)+-.MDIAIHHPBIR.R(9),sp|HSPB5_B9|HSPB5+sp|HSPB5_B9|HSPB5,1,4395.2683,5.77E+06,19915,3581.0,748000.0,sp|HSPB5_B9|HSPB5,sp|HSPB5_B9|HSPB5,6,19915,1
3233,0.98,210727_HSPB5_B9_yesUV_T_dim_01.19954.19954.4,xl,1.0750(0.3250+0.7500),0.005,2.593e-003(3.696e+001+1.592e-003),0.2206,/,R.APSWFDTGLSEMRLEK.D(5)+-.MDIAIHHPBIR.R(9),sp|HSPB5_B9|HSPB5+sp|HSPB5_B9|HSPB5,1,3318.6317,1.68E+07,19954,3585.1,813000.0,sp|HSPB5_B9|HSPB5,sp|HSPB5_B9|HSPB5,4,19954,1
3236,1.0,210727_HSPB5_B9_yesUV_T_dim_01.19965.19965.5,xl,2.6050(2.4175+0.1875),0.015,5.217e-007(1.884e-009+4.647e+002),1.5487,/,K.YRIPADVDPLTITSSLSSDGVLTVNGPR.K(12)+-.MDIAIHHPBIR.R(9),sp|HSPB5_B9|HSPB5+sp|HSPB5_B9|HSPB5,1,4395.2683,4.42E+06,19965,3586.0,767000.0,sp|HSPB5_B9|HSPB5,sp|HSPB5_B9|HSPB5,5,19965,1
3237,0.9576,210727_HSPB5_B9_yesUV_T_dim_01.19966.19966.5,xl,1.7600(1.0050+0.7550),0.005,2.550e-003(5.203e-002+1.190e+000),3.2605,/,R.APSWFDTGLSEMRLEK.D(10)+-.MDIAIHHPBIR.R(9),sp|HSPB5_B9|HSPB5+sp|HSPB5_B9|HSPB5,1,3318.6317,9.18E+06,19966,3586.3,1380000.0,sp|HSPB5_B9|HSPB5,sp|HSPB5_B9|HSPB5,5,19966,1
3253,0.9532,210727_HSPB5_B9_yesUV_T_dim_01.20010.20010.5,xl,1.4800(0.7650+0.7150),0.005,5.144e-002(1.536e+000+2.290e+000),-0.3109,/,R.APSWFDTGLSEMR.L(4)+-.MDIAIHHPBIR.R(9),sp|HSPB5_B9|HSPB5+sp|HSPB5_B9|HSPB5,1,2948.4101,2.78E+07,20010,3590.6,2130000.0,sp|HSPB5_B9|HSPB5,sp|HSPB5_B9|HSPB5,5,20010,1
3255,0.9751,210727_HSPB5_B9_yesUV_T_dim_01.20018.20018.5,xl,1.9200(1.1025+0.8175),0.005,1.485e-002(1.666e-001+3.068e+000),-0.3109,/,R.APSWFDTGLSEMR.L(4)+-.MDIAIHHPBIR.R(9),sp|HSPB5_B9|HSPB5+sp|HSPB5_B9|HSPB5,1,2948.4101,2.78E+07,20018,3591.2,2130000.0,sp|HSPB5_B9|HSPB5,sp|HSPB5_B9|HSPB5,5,20018,1
3256,0.9993,210727_HSPB5_B9_yesUV_T_dim_01.20019.20019.5,xl,2.3450(1.8375+0.5075),0.1,8.169e-005(1.009e-009+7.277e+000),3.4833,/,R.IPADVDPLTITSSLSSDGVLTVNGPR.K(12)+-.MDIAIHHPBIR.R(9),sp|HSPB5_B9|HSPB5+sp|HSPB5_B9|HSPB5,1,4076.1039,1.55E+07,20019,3591.4,1470000.0,sp|HSPB5_B9|HSPB5,sp|HSPB5_B9|HSPB5,5,20019,1
3257,0.9885,210727_HSPB5_B9_yesUV_T_dim_01.20021.20021.5,xl,1.4850(1.1450+0.3400),0.075,5.289e-003(3.865e-003+3.851e+001),0.1619,/,-.MDIAIHHPBIR.R(1)+-.MDIAIHHPBIR.R(9),sp|HSPB5_B9|HSPB5+sp|HSPB5_B9|HSPB5,1,2905.4671,5.36E+06,20021,3591.6,395000.0,sp|HSPB5_B9|HSPB5,sp|HSPB5_B9|HSPB5,5,20021,1
3274,1.0,210727_HSPB5_B9_yesUV_T_dim_01.20080.20080.5,xl,2.8550(2.5150+0.3400),0.005,6.590e-008(2.132e-009+9.074e+001),1.2458,/,K.YRIPADVDPLTITSSLSSDGVLTVNGPR.K(11)+-.MDIAIHHPBIR.R(9),sp|HSPB5_B9|HSPB5+sp|HSPB5_B9|HSPB5,1,4395.2683,1.26E+07,20080,3598.4,1580000.0,sp|HSPB5_B9|HSPB5,sp|HSPB5_B9|HSPB5,5,20080,1
3283,1.0,210727_HSPB5_B9_yesUV_T_dim_01.20094.20094.6,xl,3.5650(2.8625+0.7025),0.065,8.715e-009(1.521e-008+4.975e+000),2.373,/,K.YRIPADVDPLTITSSLSSDGVLTVNGPR.K(20)+-.MDIAIHHPBIR.R(9),sp|HSPB5_B9|HSPB5+sp|HSPB5_B9|HSPB5,1,4395.2683,1.95E+07,20094,3599.5,1580000.0,sp|HSPB5_B9|HSPB5,sp|HSPB5_B9|HSPB5,6,20094,1
3293,1.0,210727_HSPB5_B9_yesUV_T_dim_01.20132.20132.5,xl,3.3500(2.6250+0.7250),0.005,2.640e-007(5.320e-010+5.237e-001),1.3376,/,R.IPADVDPLTITSSLSSDGVLTVNGPR.K(12)+-.MDIAIHHPBIR.R(9),sp|HSPB5_B9|HSPB5+sp|HSPB5_B9|HSPB5,1,4076.1039,2.29E+07,20132,3603.0,2660000.0,sp|HSPB5_B9|HSPB5,sp|HSPB5_B9|HSPB5,5,20132,1
3296,1.0,210727_HSPB5_B9_yesUV_T_dim_01.20135.20135.6,xl,2.7300(1.9300+0.8000),0.005,2.422e-005(2.542e-007+3.421e-001),-0.0276,/,R.IPADVDPLTITSSLSSDGVLTVNGPRK.Q(20)+-.MDIAIHHPBIR.R(9),sp|HSPB5_B9|HSPB5+sp|HSPB5_B9|HSPB5,1,4204.1989,5.95E+06,20135,3603.4,774000.0,sp|HSPB5_B9|HSPB5,sp|HSPB5_B9|HSPB5,6,20135,1
3300,1.0,210727_HSPB5_B9_yesUV_T_dim_01.20148.20148.6,xl,3.4200(2.8050+0.6150),0.005,4.346e-007(6.340e-007+1.039e+001),0.6939,/,R.IPADVDPLTITSSLSSDGVLTVNGPR.K(15)+-.MDIAIHHPBIR.R(9),sp|HSPB5_B9|HSPB5+sp|HSPB5_B9|HSPB5,1,4076.1039,4.34E+07,20148,3604.7,3150000.0,sp|HSPB5_B9|HSPB5,sp|HSPB5_B9|HSPB5,6,20148,1
3304,1.0,210727_HSPB5_B9_yesUV_T_dim_01.20157.20157.6,xl,2.8950(2.2150+0.6800),0.005,1.981e-006(3.904e-006+2.854e+000),0.1499,/,R.KYRIPADVDPLTITSSLSSDGVLTVNGPR.K(13)+-.MDIAIHHPBIR.R(9),sp|HSPB5_B9|HSPB5+sp|HSPB5_B9|HSPB5,1,4523.3633,9.73E+06,20157,3605.5,1080000.0,sp|HSPB5_B9|HSPB5,sp|HSPB5_B9|HSPB5,6,20157,1
3314,1.0,210727_HSPB5_B9_yesUV_T_dim_01.20183.20183.5,xl,2.3050(1.8225+0.4825),0.17,4.659e-005(1.142e-005+2.041e+001),1.798,/,R.KYRIPADVDPLTITSSLSSDGVLTVNGPR.K(10)+-.MDIAIHHPBIR.R(9),sp|HSPB5_B9|HSPB5+sp|HSPB5_B9|HSPB5,1,4523.3633,3.69E+06,20183,3608.1,625000.0,sp|HSPB5_B9|HSPB5,sp|HSPB5_B9|HSPB5,5,20183,1
3319,0.9765,210727_HSPB5_B9_yesUV_T_dim_01.20191.20191.4,xl,1.9400(1.2400+0.7000),0.005,4.430e-005(1.396e-003+6.298e-001),2.7907,/,R.IPADVDPLTITSSLSSDGVLTVNGPR.K(7)+-.MDIAIHHPBIR.R(9),sp|HSPB5_B9|HSPB5+sp|HSPB5_B9|HSPB5,1,4076.1039,4.20E+06,20191,3609.0,604000.0,sp|HSPB5_B9|HSPB5,sp|HSPB5_B9|HSPB5,4,20191,1
3324,1.0,210727_HSPB5_B9_yesUV_T_dim_01.20205.20205.6,xl,3.1800(2.5350+0.6450),0.075,7.645e-007(1.577e-006+5.093e+000),0.0036,/,R.KYRIPADVDPLTITSSLSSDGVLTVNGPR.K(19)+-.MDIAIHHPBIR.R(9),sp|HSPB5_B9|HSPB5+sp|HSPB5_B9|HSPB5,1,4523.3633,9.73E+06,20205,3610.1,1080000.0,sp|HSPB5_B9|HSPB5,sp|HSPB5_B9|HSPB5,6,20205,1
3343,1.0,210727_HSPB5_B9_yesUV_T_dim_01.20250.20250.6,xl,3.0000(2.4125+0.5875),0.005,2.037e-007(3.295e-006+7.453e+000),0.9601,/,R.IPADVDPLTITSSLSSDGVLTVNGPR.K(12)+-.MDIAIHHPBIR.R(9),sp|HSPB5_B9|HSPB5+sp|HSPB5_B9|HSPB5,1,4076.1039,4.41E+07,20250,3614.2,3150000.0,sp|HSPB5_B9|HSPB5,sp|HSPB5_B9|HSPB5,6,20250,1
3346,0.951,210727_HSPB5_B9_yesUV_T_dim_01.20254.20254.6,xl,2.1750(1.4400+0.7350),0.07,1.667e-003(7.806e-003+6.146e+000),-0.108,/,R.IPADVDPLTITSSLSSDGVLTVNGPRK.Q(21)+-.MDIAIHHPBIR.R(9),sp|HSPB5_B9|HSPB5+sp|HSPB5_B9|HSPB5,1,4204.1989,5.91E+06,20254,3614.6,1310000.0,sp|HSPB5_B9|HSPB5,sp|HSPB5_B9|HSPB5,6,20254,1
3349,1.0,210727_HSPB5_B9_yesUV_T_dim_01.20266.20266.6,xl,3.0300(2.5525+0.4775),0.045,3.524e-007(4.135e-009+4.397e+001),2.066,/,K.YRIPADVDPLTITSSLSSDGVLTVNGPR.K(10)+-.MDIAIHHPBIR.R(9),sp|HSPB5_B9|HSPB5+sp|HSPB5_B9|HSPB5,1,4395.2683,8.08E+07,20266,3615.9,5300000.0,sp|HSPB5_B9|HSPB5,sp|HSPB5_B9|HSPB5,6,20266,1
3353,1.0,210727_HSPB5_B9_yesUV_T_dim_01.20275.20275.6,xl,3.2650(2.5700+0.6950),0.005,4.366e-006(1.793e-007+6.589e+000),0.0917,/,R.IPADVDPLTITSSLSSDGVLTVNGPR.K(15)+-.MDIAIHHPBIR.R(9),sp|HSPB5_B9|HSPB5+sp|HSPB5_B9|HSPB5,1,4076.1039,4.34E+07,20275,3616.8,3150000.0,sp|HSPB5_B9|HSPB5,sp|HSPB5_B9|HSPB5,6,20275,1
3356,1.0,210727_HSPB5_B9_yesUV_T_dim_01.20281.20281.5,xl,3.5450(2.8150+0.7300),0.005,4.835e-007(2.600e-008+1.073e+000),1.3111,/,R.IPADVDPLTITSSLSSDGVLTVNGPR.K(12)+-.MDIAIHHPBIR.R(9),sp|HSPB5_B9|HSPB5+sp|HSPB5_B9|HSPB5,1,4076.1039,1.07E+08,20281,3617.7,9950000.0,sp|HSPB5_B9|HSPB5,sp|HSPB5_B9|HSPB5,5,20281,1
3357,1.0,210727_HSPB5_B9_yesUV_T_dim_01.20287.20287.6,xl,2.8850(2.4325+0.4525),0.005,2.770e-006(5.899e-007+5.805e+001),2.066,/,K.YRIPADVDPLTITSSLSSDGVLTVNGPR.K(12)+-.MDIAIHHPBIR.R(9),sp|HSPB5_B9|HSPB5+sp|HSPB5_B9|HSPB5,1,4395.2683,1.07E+08,20287,3618.0,5300000.0,sp|HSPB5_B9|HSPB5,sp|HSPB5_B9|HSPB5,6,20287,1
3365,0.9684,210727_HSPB5_B9_yesUV_T_dim_01.20314.20314.4,xl,1.3400(0.7950+0.5450),0.005,4.222e-003(2.707e-002+6.255e-001),0.304,/,R.IPADVDPLTITSSLSSDGVLTVNGPR.K(7)+-.MDIAIHHPBIR.R(9),sp|HSPB5_B9|HSPB5+sp|HSPB5_B9|HSPB5,1,4076.1039,1.59E+07,20314,3621.2,2310000.0,sp|HSPB5_B9|HSPB5,sp|HSPB5_B9|HSPB5,4,20314,1
3375,1.0,210727_HSPB5_B9_yesUV_T_dim_01.20346.20346.5,xl,3.9550(3.0925+0.8625),0.005,2.881e-007(8.463e-011+1.299e+000),1.3111,/,R.IPADVDPLTITSSLSSDGVLTVNGPR.K(15)+-.MDIAIHHPBIR.R(9),sp|HSPB5_B9|HSPB5+sp|HSPB5_B9|HSPB5,1,4076.1039,1.13E+08,20346,3625.1,9950000.0,sp|HSPB5_B9|HSPB5,sp|HSPB5_B9|HSPB5,5,20346,1
3387,0.992,210727_HSPB5_B9_yesUV_T_dim_01.20391.20391.4,xl,2.2950(1.4725+0.8225),0.005,5.804e-006(4.979e-005+7.917e-002),1.4575,/,R.IPADVDPLTITSSLSSDGVLTVNGPR.K(7)+-.MDIAIHHPBIR.R(9),sp|HSPB5_B9|HSPB5+sp|HSPB5_B9|HSPB5,1,4076.1039,1.59E+07,20391,3630.5,2310000.0,sp|HSPB5_B9|HSPB5,sp|HSPB5_B9|HSPB5,4,20391,1
3392,1.0,210727_HSPB5_B9_yesUV_T_dim_01.20406.20406.5,xl,3.9950(3.2575+0.7375),0.005,1.559e-008(3.152e-009+4.554e+000),0.5117,/,K.YRIPADVDPLTITSSLSSDGVLTVNGPR.K(12)+-.MDIAIHHPBIR.R(9),sp|HSPB5_B9|HSPB5+sp|HSPB5_B9|HSPB5,1,4395.2683,5.59E+07,20406,3632.1,5790000.0,sp|HSPB5_B9|HSPB5,sp|HSPB5_B9|HSPB5,5,20406,1
3394,0.9908,210727_HSPB5_B9_yesUV_T_dim_01.20411.20411.4,xl,2.2550(1.3875+0.8675),0.065,3.994e-005(4.338e-005+2.665e-002),1.2651,/,R.IPADVDPLTITSSLSSDGVLTVNGPR.K(10)+-.MDIAIHHPBIR.R(9),sp|HSPB5_B9|HSPB5+sp|HSPB5_B9|HSPB5,1,4076.1039,1.59E+07,20411,3632.9,2310000.0,sp|HSPB5_B9|HSPB5,sp|HSPB5_B9|HSPB5,4,20411,1
3401,1.0,210727_HSPB5_B9_yesUV_T_dim_01.20435.20435.5,xl,4.2200(3.4200+0.8000),0.005,1.051e-008(1.148e-009+2.590e+000),-0.8527,/,K.YRIPADVDPLTITSSLSSDGVLTVNGPR.K(17)+-.MDIAIHHPBIR.R(9),sp|HSPB5_B9|HSPB5+sp|HSPB5_B9|HSPB5,1,4395.2683,4.01E+07,20435,3635.9,4350000.0,sp|HSPB5_B9|HSPB5,sp|HSPB5_B9|HSPB5,5,20435,1
3406,0.9926,210727_HSPB5_B9_yesUV_T_dim_01.20451.20451.4,xl,2.0700(1.6900+0.3800),0.005,6.959e-005(1.402e-005+2.837e+001),-0.6468,/,K.YRIPADVDPLTITSSLSSDGVLTVNGPR.K(17)+-.MDIAIHHPBIR.R(9),sp|HSPB5_B9|HSPB5+sp|HSPB5_B9|HSPB5,1,4395.2683,1.32E+07,20451,3638.1,1780000.0,sp|HSPB5_B9|HSPB5,sp|HSPB5_B9|HSPB5,4,20451,1
3411,0.9968,210727_HSPB5_B9_yesUV_T_dim_01.20470.20470.4,xl,1.8800(1.3200+0.5600),0.005,1.415e-004(1.549e-004+7.730e-001),-0.0299,/,R.IPADVDPLTITSSLSSDGVLTVNGPR.K(8)+-.MDIAIHHPBIR.R(9),sp|HSPB5_B9|HSPB5+sp|HSPB5_B9|HSPB5,1,4076.1039,2.28E+07,20470,3640.3,2430000.0,sp|HSPB5_B9|HSPB5,sp|HSPB5_B9|HSPB5,4,20470,1
3418,0.9923,210727_HSPB5_B9_yesUV_T_dim_01.20498.20498.4,xl,1.7500(1.4700+0.2800),0.145,1.229e-004(4.216e-006+6.206e+001),2.3331,/,K.YRIPADVDPLTITSSLSSDGVLTVNGPR.K(1)+-.MDIAIHHPBIR.R(9),sp|HSPB5_B9|HSPB5+sp|HSPB5_B9|HSPB5,1,4395.2683,1.32E+07,20498,3644.3,1780000.0,sp|HSPB5_B9|HSPB5,sp|HSPB5_B9|HSPB5,4,20498,1
3422,1.0,210727_HSPB5_B9_yesUV_T_dim_01.20505.20505.6,xl,3.3950(2.7375+0.6575),0.005,2.541e-007(1.548e-008+5.601e+000),0.5932,/,R.IPADVDPLTITSSLSSDGVLTVNGPR.K(15)+-.MDIAIHHPBIR.R(9),sp|HSPB5_B9|HSPB5+sp|HSPB5_B9|HSPB5,1,4076.1039,7.00E+07,20505,3645.2,6800000.0,sp|HSPB5_B9|HSPB5,sp|HSPB5_B9|HSPB5,6,20505,1
3427,1.0,210727_HSPB5_B9_yesUV_T_dim_01.20514.20514.6,xl,3.1850(2.6900+0.4950),0.005,4.471e-007(8.460e-007+3.740e+001),-1.454,/,K.YRIPADVDPLTITSSLSSDGVLTVNGPR.K(17)+-.MDIAIHHPBIR.R(9),sp|HSPB5_B9|HSPB5+sp|HSPB5_B9|HSPB5,1,4395.2683,4.73E+07,20514,3646.1,3330000.0,sp|HSPB5_B9|HSPB5,sp|HSPB5_B9|HSPB5,6,20514,1
3430,1.0,210727_HSPB5_B9_yesUV_T_dim_01.20525.20525.6,xl,3.0950(2.5650+0.5300),0.005,1.266e-007(1.647e-008+1.748e+001),0.9147,/,R.IPADVDPLTITSSLSSDGVLTVNGPR.K(15)+-.MDIAIHHPBIR.R(9),sp|HSPB5_B9|HSPB5+sp|HSPB5_B9|HSPB5,1,4076.1039,7.00E+07,20525,3647.5,6800000.0,sp|HSPB5_B9|HSPB5,sp|HSPB5_B9|HSPB5,6,20525,1
3441,0.9963,210727_HSPB5_B9_yesUV_T_dim_01.20543.20543.4,xl,2.1400(1.4650+0.6750),0.005,1.556e-004(1.648e-005+3.688e-001),1.2522,/,R.IPADVDPLTITSSLSSDGVLTVNGPR.K(7)+-.MDIAIHHPBIR.R(9),sp|HSPB5_B9|HSPB5+sp|HSPB5_B9|HSPB5,1,4076.1039,7.50E+06,20543,3649.3,1600000.0,sp|HSPB5_B9|HSPB5,sp|HSPB5_B9|HSPB5,4,20543,1
3444,1.0,210727_HSPB5_B9_yesUV_T_dim_01.20554.20554.6,xl,3.4900(2.9900+0.5000),0.03,3.081e-008(3.854e-009+3.832e+001),-1.454,/,K.YRIPADVDPLTITSSLSSDGVLTVNGPR.K(20)+-.MDIAIHHPBIR.R(9),sp|HSPB5_B9|HSPB5+sp|HSPB5_B9|HSPB5,1,4395.2683,4.73E+07,20554,3650.7,3330000.0,sp|HSPB5_B9|HSPB5,sp|HSPB5_B9|HSPB5,6,20554,1
3465,1.0,210727_HSPB5_B9_yesUV_T_dim_01.20617.20617.5,xl,3.7950(3.0925+0.7025),0.005,3.379e-007(2.595e-010+4.580e+000),1.4605,/,R.IPADVDPLTITSSLSSDGVLTVNGPR.K(12)+-.MDIAIHHPBIR.R(9),sp|HSPB5_B9|HSPB5+sp|HSPB5_B9|HSPB5,1,4076.1039,4.34E+07,20617,3657.1,3590000.0,sp|HSPB5_B9|HSPB5,sp|HSPB5_B9|HSPB5,5,20617,1
3480,1.0,210727_HSPB5_B9_yesUV_T_dim_01.20666.20666.5,xl,3.5250(2.9075+0.6175),0.005,1.263e-008(8.510e-009+1.019e+001),3.9749,/,K.YRIPADVDPLTITSSLSSDGVLTVNGPR.K(20)+-.MDIAIHHPBIR.R(9),sp|HSPB5_B9|HSPB5+sp|HSPB5_B9|HSPB5,1,4395.2683,1.96E+07,20666,3662.8,2670000.0,sp|HSPB5_B9|HSPB5,sp|HSPB5_B9|HSPB5,5,20666,1
3508,1.0,210727_HSPB5_B9_yesUV_T_dim_01.20790.20790.6,xl,3.3850(2.7500+0.6350),0.075,8.442e-007(6.501e-011+4.904e+000),1.2173,/,R.IPADVDPLTITSSLSSDGVLTVNGPR.K(15)+-.MDIAIHHPBIR.R(9),sp|HSPB5_B9|HSPB5+sp|HSPB5_B9|HSPB5,1,4076.1039,3.37E+07,20790,3675.8,2490000.0,sp|HSPB5_B9|HSPB5,sp|HSPB5_B9|HSPB5,6,20790,1
3515,0.9834,210727_HSPB5_B9_yesUV_T_dim_01.20840.20840.4,xl,2.4300(1.6400+0.7900),0.11,4.687e-005(2.265e-005+1.474e-001),-1.2993,/,R.IPADVDPLTITSSLSSDGVLTVNGPR.K(11)+-.MDIAIHHPBIR.R(9),sp|HSPB5_B9|HSPB5+sp|HSPB5_B9|HSPB5,1,4076.1039,8.78E+07,20840,3680.9,3670000.0,sp|HSPB5_B9|HSPB5,sp|HSPB5_B9|HSPB5,4,20840,1
3535,0.9926,210727_HSPB5_B9_yesUV_T_dim_01.20885.20885.4,xl,2.6650(1.7900+0.8750),0.005,4.468e-006(2.672e-006+2.780e-002),1.822,/,R.IPADVDPLTITSSLSSDGVLTVNGPR.K(12)+-.MDIAIHHPBIR.R(9),sp|HSPB5_B9|HSPB5+sp|HSPB5_B9|HSPB5,1,4076.1039,7.93E+07,20885,3684.9,3670000.0,sp|HSPB5_B9|HSPB5,sp|HSPB5_B9|HSPB5,4,20885,1
3543,1.0,210727_HSPB5_B9_yesUV_T_dim_01.20903.20903.6,xl,4.4050(3.4000+1.0050),0.045,5.595e-009(2.026e-009+6.285e-001),1.2146,/,K.YRIPADVDPLTITSSLSSDGVLTVNGPR.K(17)+-.MDIAIHHPBIR.R(9),sp|HSPB5_B9|HSPB5+sp|HSPB5_B9|HSPB5,1,4395.2683,1.06E+08,20903,3686.8,5490000.0,sp|HSPB5_B9|HSPB5,sp|HSPB5_B9|HSPB5,6,20903,1
3549,1.0,210727_HSPB5_B9_yesUV_T_dim_01.20921.20921.5,xl,4.0400(2.9775+1.0625),0.055,5.375e-007(1.283e-009+7.716e-002),1.9982,/,R.IPADVDPLTITSSLSSDGVLTVNGPR.K(15)+-.MDIAIHHPBIR.R(9),sp|HSPB5_B9|HSPB5+sp|HSPB5_B9|HSPB5,1,4076.1039,2.79E+08,20921,3688.4,11800000.0,sp|HSPB5_B9|HSPB5,sp|HSPB5_B9|HSPB5,5,20921,1
3565,1.0,210727_HSPB5_B9_yesUV_T_dim_01.20972.20972.5,xl,4.4650(3.4425+1.0225),0.005,1.256e-008(9.536e-011+2.278e-001),0.3719,/,K.YRIPADVDPLTITSSLSSDGVLTVNGPR.K(14)+-.MDIAIHHPBIR.R(9),sp|HSPB5_B9|HSPB5+sp|HSPB5_B9|HSPB5,1,4395.2683,1.11E+08,20972,3694.2,4600000.0,sp|HSPB5_B9|HSPB5,sp|HSPB5_B9|HSPB5,5,20972,1
3587,0.9952,210727_HSPB5_B9_yesUV_T_dim_01.21050.21050.4,xl,2.0400(1.3725+0.6675),0.005,1.088e-006(9.252e-007+5.261e-003),3.7477,/,K.YRIPADVDPLTITSSLSSDGVLTVNGPR.K(16)+-.MDIAIHHPBIR.R(9),sp|HSPB5_B9|HSPB5+sp|HSPB5_B9|HSPB5,1,4395.2683,3.78E+06,21050,3701.7,458000.0,sp|HSPB5_B9|HSPB5,sp|HSPB5_B9|HSPB5,4,21050,1
3604,1.0,210727_HSPB5_B9_yesUV_T_dim_01.21124.21124.6,xl,3.8500(3.0400+0.8100),0.035,1.397e-007(1.184e-008+6.513e-001),1.3709,/,R.IPADVDPLTITSSLSSDGVLTVNGPR.K(15)+-.MDIAIHHPBIR.R(9),sp|HSPB5_B9|HSPB5+sp|HSPB5_B9|HSPB5,1,4076.1039,5.84E+07,21124,3708.5,6840000.0,sp|HSPB5_B9|HSPB5,sp|HSPB5_B9|HSPB5,6,21124,1
3624,1.0,210727_HSPB5_B9_yesUV_T_dim_01.21236.21236.6,xl,4.6950(3.7925+0.9025),0.055,2.031e-010(7.972e-011+6.165e-001),-0.7036,/,K.YRIPADVDPLTITSSLSSDGVLTVNGPR.K(17)+-.MDIAIHHPBIR.R(9),sp|HSPB5_B9|HSPB5+sp|HSPB5_B9|HSPB5,1,4395.2683,6.10E+07,21236,3719.7,4200000.0,sp|HSPB5_B9|HSPB5,sp|HSPB5_B9|HSPB5,6,21236,1
3638,0.9938,210727_HSPB5_B9_yesUV_T_dim_01.21276.21276.4,xl,2.2050(1.4175+0.7875),0.005,1.259e-004(5.556e-006+5.344e-002),2.0466,/,R.IPADVDPLTITSSLSSDGVLTVNGPR.K(7)+-.MDIAIHHPBIR.R(9),sp|HSPB5_B9|HSPB5+sp|HSPB5_B9|HSPB5,1,4076.1039,6.29E+07,21276,3723.7,4320000.0,sp|HSPB5_B9|HSPB5,sp|HSPB5_B9|HSPB5,4,21276,1
3642,1.0,210727_HSPB5_B9_yesUV_T_dim_01.21295.21295.5,xl,4.4950(3.7175+0.7775),0.025,1.827e-009(3.737e-012+2.836e+000),-3.3983,/,K.YRIPADVDPLTITSSLSSDGVLTVNGPR.K(17)+-.MDIAIHHPBIR.R(9),sp|HSPB5_B9|HSPB5+sp|HSPB5_B9|HSPB5,1,4395.2683,6.11E+07,21295,3725.6,5230000.0,sp|HSPB5_B9|HSPB5,sp|HSPB5_B9|HSPB5,5,21295,1
3647,1.0,210727_HSPB5_B9_yesUV_T_dim_01.21310.21310.5,xl,4.4250(3.4100+1.0150),0.055,2.955e-008(3.117e-010+1.394e-001),2.1085,/,R.IPADVDPLTITSSLSSDGVLTVNGPR.K(15)+-.MDIAIHHPBIR.R(9),sp|HSPB5_B9|HSPB5+sp|HSPB5_B9|HSPB5,1,4076.1039,2.71E+08,21310,3727.0,15400000.0,sp|HSPB5_B9|HSPB5,sp|HSPB5_B9|HSPB5,5,21310,1
3663,1.0,210727_HSPB5_B9_yesUV_T_dim_01.21431.21431.6,xl,4.1550(3.2500+0.9050),0.07,3.555e-007(6.242e-010+7.217e-001),1.442,/,R.IPADVDPLTITSSLSSDGVLTVNGPR.K(15)+-.MDIAIHHPBIR.R(9),sp|HSPB5_B9|HSPB5+sp|HSPB5_B9|HSPB5,1,4076.1039,2.77E+08,21431,3738.7,11800000.0,sp|HSPB5_B9|HSPB5,sp|HSPB5_B9|HSPB5,6,21431,1
3681,0.9961,210727_HSPB5_B9_yesUV_T_dim_01.21540.21540.4,xl,1.5350(1.2775+0.2575),0.005,5.269e-004(1.219e-004+1.559e+002),-0.5688,/,K.YRIPADVDPLTITSSLSSDGVLTVNGPR.K(16)+-.MDIAIHHPBIR.R(9),sp|HSPB5_B9|HSPB5+sp|HSPB5_B9|HSPB5,1,4395.2683,7.55E+06,21540,3750.7,614000.0,sp|HSPB5_B9|HSPB5,sp|HSPB5_B9|HSPB5,4,21540,1
3682,1.0,210727_HSPB5_B9_yesUV_T_dim_01.21542.21542.6,xl,4.4950(3.6025+0.8925),0.025,1.875e-010(3.316e-011+1.419e+000),-0.813,/,K.YRIPADVDPLTITSSLSSDGVLTVNGPR.K(17)+-.MDIAIHHPBIR.R(9),sp|HSPB5_B9|HSPB5+sp|HSPB5_B9|HSPB5,1,4395.2683,1.15E+08,21542,3750.8,4660000.0,sp|HSPB5_B9|HSPB5,sp|HSPB5_B9|HSPB5,6,21542,1
3693,1.0,210727_HSPB5_B9_yesUV_T_dim_01.21612.21612.5,xl,4.1050(3.1725+0.9325),0.06,1.594e-007(5.388e-010+1.364e-001),2.1085,/,R.IPADVDPLTITSSLSSDGVLTVNGPR.K(15)+-.MDIAIHHPBIR.R(9),sp|HSPB5_B9|HSPB5+sp|HSPB5_B9|HSPB5,1,4076.1039,4.05E+08,21612,3757.5,15500000.0,sp|HSPB5_B9|HSPB5,sp|HSPB5_B9|HSPB5,5,21612,1
3706,1.0,210727_HSPB5_B9_yesUV_T_dim_01.21735.21735.6,xl,3.5000(2.7825+0.7175),0.035,9.860e-008(5.158e-011+2.187e+000),1.3944,/,R.IPADVDPLTITSSLSSDGVLTVNGPR.K(17)+-.MDIAIHHPBIR.R(9),sp|HSPB5_B9|HSPB5+sp|HSPB5_B9|HSPB5,1,4076.1039,4.52E+07,21735,3769.2,4420000.0,sp|HSPB5_B9|HSPB5,sp|HSPB5_B9|HSPB5,6,21735,1
3711,1.0,210727_HSPB5_B9_yesUV_T_dim_01.21756.21756.5,xl,4.8050(4.1275+0.6775),0.06,3.272e-010(1.748e-013+1.257e+001),0.5822,/,K.YRIPADVDPLTITSSLSSDGVLTVNGPR.K(17)+-.MDIAIHHPBIR.R(9),sp|HSPB5_B9|HSPB5+sp|HSPB5_B9|HSPB5,1,4395.2683,3.17E+07,21756,3771.2,3660000.0,sp|HSPB5_B9|HSPB5,sp|HSPB5_B9|HSPB5,5,21756,1
3735,0.9914,210727_HSPB5_B9_yesUV_T_dim_01.21843.21843.4,xl,1.4150(1.0575+0.3575),0.005,9.873e-004(9.784e-004+2.248e+001),-0.5849,/,K.YRIPADVDPLTITSSLSSDGVLTVNGPR.K(18)+-.MDIAIHHPBIR.R(9),sp|HSPB5_B9|HSPB5+sp|HSPB5_B9|HSPB5,1,4395.2683,4.96E+06,21843,3779.9,677000.0,sp|HSPB5_B9|HSPB5,sp|HSPB5_B9|HSPB5,4,21843,1
3739,0.9897,210727_HSPB5_B9_yesUV_T_dim_01.21856.21856.4,xl,2.6050(1.8200+0.7850),0.005,6.197e-005(1.076e-006+1.358e-001),2.0473,/,R.IPADVDPLTITSSLSSDGVLTVNGPR.K(8)+-.MDIAIHHPBIR.R(9),sp|HSPB5_B9|HSPB5+sp|HSPB5_B9|HSPB5,1,4076.1039,4.14E+07,21856,3780.9,2750000.0,sp|HSPB5_B9|HSPB5,sp|HSPB5_B9|HSPB5,4,21856,1
3740,1.0,210727_HSPB5_B9_yesUV_T_dim_01.21869.21869.6,xl,4.6300(3.7875+0.8425),0.03,7.299e-009(3.539e-010+1.418e+000),1.4815,/,K.YRIPADVDPLTITSSLSSDGVLTVNGPR.K(20)+-.MDIAIHHPBIR.R(9),sp|HSPB5_B9|HSPB5+sp|HSPB5_B9|HSPB5,1,4395.2683,5.20E+07,21869,3782.2,3530000.0,sp|HSPB5_B9|HSPB5,sp|HSPB5_B9|HSPB5,6,21869,1
3753,1.0,210727_HSPB5_B9_yesUV_T_dim_01.21924.21924.5,xl,4.3000(3.3000+1.0000),0.05,7.957e-008(9.745e-011+1.479e-001),2.0512,/,R.IPADVDPLTITSSLSSDGVLTVNGPR.K(15)+-.MDIAIHHPBIR.R(9),sp|HSPB5_B9|HSPB5+sp|HSPB5_B9|HSPB5,1,4076.1039,1.69E+08,21924,3787.8,9640000.0,sp|HSPB5_B9|HSPB5,sp|HSPB5_B9|HSPB5,5,21924,1
3770,1.0,210727_HSPB5_B9_yesUV_T_dim_01.22046.22046.6,xl,3.4750(2.7800+0.6950),0.065,2.897e-006(1.037e-008+3.548e+000),1.3944,/,R.IPADVDPLTITSSLSSDGVLTVNGPR.K(15)+-.MDIAIHHPBIR.R(9),sp|HSPB5_B9|HSPB5+sp|HSPB5_B9|HSPB5,1,4076.1039,7.81E+07,22046,3800.0,5280000.0,sp|HSPB5_B9|HSPB5,sp|HSPB5_B9|HSPB5,6,22046,1
3772,1.0,210727_HSPB5_B9_yesUV_T_dim_01.22072.22072.5,xl,4.1600(3.4575+0.7025),0.035,3.164e-009(1.421e-011+4.466e+000),0.5844,/,K.YRIPADVDPLTITSSLSSDGVLTVNGPR.K(17)+-.MDIAIHHPBIR.R(9),sp|HSPB5_B9|HSPB5+sp|HSPB5_B9|HSPB5,1,4395.2683,3.37E+07,22072,3802.5,2370000.0,sp|HSPB5_B9|HSPB5,sp|HSPB5_B9|HSPB5,5,22072,1
3799,1.0,210727_HSPB5_B9_yesUV_T_dim_01.22178.22178.6,xl,3.9450(3.1800+0.7650),0.005,3.076e-009(7.546e-010+1.131e+000),-0.7114,/,K.YRIPADVDPLTITSSLSSDGVLTVNGPR.K(19)+-.MDIAIHHPBIR.R(9),sp|HSPB5_B9|HSPB5+sp|HSPB5_B9|HSPB5,1,4395.2683,1.77E+07,22178,3812.6,1150000.0,sp|HSPB5_B9|HSPB5,sp|HSPB5_B9|HSPB5,6,22178,1
3815,1.0,210727_HSPB5_B9_yesUV_T_dim_01.22253.22253.5,xl,3.4900(2.6750+0.8150),0.02,1.270e-006(6.475e-008+1.518e+000),2.0516,/,R.IPADVDPLTITSSLSSDGVLTVNGPR.K(19)+-.MDIAIHHPBIR.R(9),sp|HSPB5_B9|HSPB5+sp|HSPB5_B9|HSPB5,1,4076.1039,2.37E+07,22253,3819.6,2740000.0,sp|HSPB5_B9|HSPB5,sp|HSPB5_B9|HSPB5,5,22253,1
3835,1.0,210727_HSPB5_B9_yesUV_T_dim_01.22373.22373.6,xl,3.5400(2.8275+0.7125),0.06,1.065e-007(5.657e-011+1.012e+000),1.4431,/,R.IPADVDPLTITSSLSSDGVLTVNGPR.K(19)+-.MDIAIHHPBIR.R(9),sp|HSPB5_B9|HSPB5+sp|HSPB5_B9|HSPB5,1,4076.1039,1.36E+07,22373,3831.6,1980000.0,sp|HSPB5_B9|HSPB5,sp|HSPB5_B9|HSPB5,6,22373,1
3871,1.0,210727_HSPB5_B9_yesUV_T_dim_01.22530.22530.6,xl,3.3000(2.5900+0.7100),0.06,1.478e-007(1.106e-007+2.571e+000),-0.0031,/,K.YRIPADVDPLTITSSLSSDGVLTVNGPR.K(17)+-.MDIAIHHPBIR.R(9),sp|HSPB5_B9|HSPB5+sp|HSPB5_B9|HSPB5,1,4395.2683,7.11E+06,22530,3846.8,1350000.0,sp|HSPB5_B9|HSPB5,sp|HSPB5_B9|HSPB5,6,22530,1
3887,0.9993,210727_HSPB5_B9_yesUV_T_dim_01.22587.22587.6,xl,2.7950(2.2750+0.5200),0.005,5.130e-005(1.246e-009+7.654e+000),3.3208,/,R.IPADVDPLTITSSLSSDGVLTVNGPR.K(12)+-.MDIAIHHPBIR.R(9),sp|HSPB5_B9|HSPB5+sp|HSPB5_B9|HSPB5,1,4076.1039,1.34E+07,22587,3852.0,2630000.0,sp|HSPB5_B9|HSPB5,sp|HSPB5_B9|HSPB5,6,22587,1
3908,0.9761,210727_HSPB5_B9_yesUV_T_dim_01.22680.22680.5,xl,1.7350(1.3650+0.3700),0.005,1.151e-002(1.627e-003+1.706e+002),1.1993,/,R.IPADVDPLTITSSLSSDGVLTVNGPR.K(12)+-.MDIAIHHPBIR.R(9),sp|HSPB5_B9|HSPB5+sp|HSPB5_B9|HSPB5,1,4076.1039,2.45E+07,22680,3862.6,3630000.0,sp|HSPB5_B9|HSPB5,sp|HSPB5_B9|HSPB5,5,22680,1
3929,0.997,210727_HSPB5_B9_yesUV_T_dim_01.22754.22754.6,xl,1.7450(1.4375+0.3075),0.005,2.177e-004(2.667e-005+1.520e+002),-0.0623,/,R.IPADVDPLTITSSLSSDGVLTVNGPR.K(15)+-.MDIAIHHPBIR.R(9),sp|HSPB5_B9|HSPB5+sp|HSPB5_B9|HSPB5,1,4076.1039,1.31E+07,22754,3871.8,2310000.0,sp|HSPB5_B9|HSPB5,sp|HSPB5_B9|HSPB5,6,22754,1
3930,1.0,210727_HSPB5_B9_yesUV_T_dim_01.22759.22759.6,xl,2.8050(2.2100+0.5950),0.005,4.982e-007(5.448e-009+2.707e+000),2.3155,/,K.YRIPADVDPLTITSSLSSDGVLTVNGPR.K(13)+-.MDIAIHHPBIR.R(9),sp|HSPB5_B9|HSPB5+sp|HSPB5_B9|HSPB5,1,4395.2683,1.23E+07,22759,3872.3,2170000.0,sp|HSPB5_B9|HSPB5,sp|HSPB5_B9|HSPB5,6,22759,1
3969,0.9551,210727_HSPB5_B9_yesUV_T_dim_01.22960.22960.5,xl,1.6300(1.2800+0.3500),0.02,3.051e-002(2.052e-002+2.462e+002),1.4529,/,R.IPADVDPLTITSSLSSDGVLTVNGPR.K(12)+-.MDIAIHHPBIR.R(9),sp|HSPB5_B9|HSPB5+sp|HSPB5_B9|HSPB5,1,4076.1039,1.76E+07,22960,3893.5,1850000.0,sp|HSPB5_B9|HSPB5,sp|HSPB5_B9|HSPB5,5,22960,1
3975,1.0,210727_HSPB5_B9_yesUV_T_dim_01.22974.22974.6,xl,2.5450(2.2400+0.3050),0.005,4.310e-006(8.003e-009+2.998e+002),0.9896,/,R.IPADVDPLTITSSLSSDGVLTVNGPR.K(12)+-.MDIAIHHPBIR.R(9),sp|HSPB5_B9|HSPB5+sp|HSPB5_B9|HSPB5,1,4076.1039,5.25E+06,22974,3894.5,1490000.0,sp|HSPB5_B9|HSPB5,sp|HSPB5_B9|HSPB5,6,22974,1
3977,1.0,210727_HSPB5_B9_yesUV_T_dim_01.22977.22977.6,xl,2.2450(1.9850+0.2600),0.005,9.219e-006(1.490e-008+2.978e+002),3.801,/,R.IPADVDPLTITSSLSSDGVLTVNGPR.K(14)+-.MDIAIHHPBIR.R(9),sp|HSPB5_B9|HSPB5+sp|HSPB5_B9|HSPB5,1,4076.1039,5.25E+06,22977,3894.9,1490000.0,sp|HSPB5_B9|HSPB5,sp|HSPB5_B9|HSPB5,6,22977,1
4084,0.9762,210727_HSPB5_B9_yesUV_T_dim_01.23483.23483.5,xl,1.5800(1.3300+0.2500),0.005,8.288e-003(9.896e-004+4.061e+002),1.8207,/,R.IPADVDPLTITSSLSSDGVLTVNGPR.K(9)+-.MDIAIHHPBIR.R(9),sp|HSPB5_B9|HSPB5+sp|HSPB5_B9|HSPB5,1,4076.1039,6.76E+06,23483,3948.0,1310000.0,sp|HSPB5_B9|HSPB5,sp|HSPB5_B9|HSPB5,5,23483,1
4109,0.9853,210727_HSPB5_B9_yesUV_T_dim_01.23567.23567.5,xl,1.8450(1.6250+0.2200),0.005,9.341e-004(9.331e-006+4.659e+002),3.0031,/,R.IPADVDPLTITSSLSSDGVLTVNGPR.K(11)+-.MDIAIHHPBIR.R(9),sp|HSPB5_B9|HSPB5+sp|HSPB5_B9|HSPB5,1,4076.1039,6.76E+06,23567,3957.4,1310000.0,sp|HSPB5_B9|HSPB5,sp|HSPB5_B9|HSPB5,5,23567,1
4140,0.9997,210727_HSPB5_B9_yesUV_T_dim_01.23734.23734.5,xl,2.3750(1.8050+0.5700),0.065,1.236e-004(5.070e-006+7.799e+000),1.6153,/,R.IPADVDPLTITSSLSSDGVLTVNGPR.K(12)+-.MDIAIHHPBIR.R(9),sp|HSPB5_B9|HSPB5+sp|HSPB5_B9|HSPB5,1,4076.1039,5.56E+06,23734,3975.8,699000.0,sp|HSPB5_B9|HSPB5,sp|HSPB5_B9|HSPB5,5,23734,1
4145,0.9997,210727_HSPB5_B9_yesUV_T_dim_01.23754.23754.6,xl,2.0000(1.7900+0.2100),0.005,6.611e-005(2.509e-006+4.119e+002),1.1202,/,R.IPADVDPLTITSSLSSDGVLTVNGPR.K(11)+-.MDIAIHHPBIR.R(9),sp|HSPB5_B9|HSPB5+sp|HSPB5_B9|HSPB5,1,4076.1039,4.51E+06,23754,3977.7,536000.0,sp|HSPB5_B9|HSPB5,sp|HSPB5_B9|HSPB5,6,23754,1
4156,1.0,210727_HSPB5_B9_yesUV_T_dim_01.23794.23794.5,xl,2.6650(1.9300+0.7350),0.005,8.617e-006(3.947e-006+1.321e+000),1.6153,/,R.IPADVDPLTITSSLSSDGVLTVNGPR.K(11)+-.MDIAIHHPBIR.R(9),sp|HSPB5_B9|HSPB5+sp|HSPB5_B9|HSPB5,1,4076.1039,1.85E+07,23794,3981.8,1680000.0,sp|HSPB5_B9|HSPB5,sp|HSPB5_B9|HSPB5,5,23794,1
4165,0.9936,210727_HSPB5_B9_yesUV_T_dim_01.23828.23828.5,xl,1.6450(1.4900+0.1550),0.005,1.137e-003(4.234e-004+1.664e+003),1.8886,/,R.IPADVDPLTITSSLSSDGVLTVNGPR.K(9)+-.MDIAIHHPBIR.R(9),sp|HSPB5_B9|HSPB5+sp|HSPB5_B9|HSPB5,1,4076.1039,1.88E+07,23828,3985.8,1680000.0,sp|HSPB5_B9|HSPB5,sp|HSPB5_B9|HSPB5,5,23828,1
4177,0.9979,210727_HSPB5_B9_yesUV_T_dim_01.23866.23866.5,xl,2.0300(1.4600+0.5700),0.005,4.398e-004(8.795e-005+3.053e+000),1.6153,/,R.IPADVDPLTITSSLSSDGVLTVNGPR.K(9)+-.MDIAIHHPBIR.R(9),sp|HSPB5_B9|HSPB5+sp|HSPB5_B9|HSPB5,1,4076.1039,1.88E+07,23866,3990.0,1680000.0,sp|HSPB5_B9|HSPB5,sp|HSPB5_B9|HSPB5,5,23866,1
4189,1.0,210727_HSPB5_B9_yesUV_T_dim_01.23903.23903.6,xl,2.2650(1.9150+0.3500),0.005,4.946e-006(4.207e-008+5.866e+001),0.9048,/,R.IPADVDPLTITSSLSSDGVLTVNGPR.K(11)+-.MDIAIHHPBIR.R(9),sp|HSPB5_B9|HSPB5+sp|HSPB5_B9|HSPB5,1,4076.1039,8.66E+06,23903,3994.3,616000.0,sp|HSPB5_B9|HSPB5,sp|HSPB5_B9|HSPB5,6,23903,1
